config,row_id,source_de,reference_en,prediction_en,seconds,tokens_per_second,generated_tokens,bigram_repetition
E2D2 official_b4_s4_cache,0,Gutach: Noch mehr Sicherheit für Fußgänger,Gutach: Increased safety for pedestrians,Well: more safety for pedestrians.,0.14252311999996436,56.13124382908541,8,0.0
OPUS autoregressive_encoder_decoder,0,Gutach: Noch mehr Sicherheit für Fußgänger,Gutach: Increased safety for pedestrians,Gutach: More safety for pedestrians,0.06188441100005093,161.59158402576975,10,0.0
E2D2 official_b4_s4_cache,1,Sie stehen keine 100 Meter voneinander entfernt: Am Dienstag ist in Gutach die neue B 33-Fußgängerampel am Dorfparkplatz in Betrieb genommen worden - in Sichtweite der älteren Rathausampel.,"They are not even 100 metres apart: On Tuesday, the new B 33 pedestrian lights in Dorfparkplatz in Gutach became operational - within view of the existing Town Hall traffic lights.",They are not 100 metres away: On Tuesday the new B 33 pedestrian light at the village parking lot was put into operation in Gutach - within walking distance of the older town hall light.,0.7973209470000029,55.184803767609836,44,0.0
OPUS autoregressive_encoder_decoder,1,Sie stehen keine 100 Meter voneinander entfernt: Am Dienstag ist in Gutach die neue B 33-Fußgängerampel am Dorfparkplatz in Betrieb genommen worden - in Sichtweite der älteren Rathausampel.,"They are not even 100 metres apart: On Tuesday, the new B 33 pedestrian lights in Dorfparkplatz in Gutach became operational - within view of the existing Town Hall traffic lights.",They are not 100 meters apart: On Tuesday the new B 33 pedestrian light at the village parking lot was put into operation in Gutach - in sight of the older town hall lamp.,0.2396883330000037,162.7112989266749,39,0.0
E2D2 official_b4_s4_cache,2,Zwei Anlagen so nah beieinander: Absicht oder Schildbürgerstreich?,Two sets of lights so close to one another: intentional or just a silly error?,Two plants so close to each other: intention or shield? No matter?,0.2906207930000164,55.054560394097805,16,0.0
OPUS autoregressive_encoder_decoder,2,Zwei Anlagen so nah beieinander: Absicht oder Schildbürgerstreich?,Two sets of lights so close to one another: intentional or just a silly error?,Two plants so close together: intention or shield citizen's stroke?,0.10235211799999888,156.32309631345564,16,0.0
E2D2 official_b4_s4_cache,3,Diese Frage hat Gutachs Bürgermeister gestern klar beantwortet.,"Yesterday, Gutacht's Mayor gave a clear answer to this question.","Gutach Mayor gave a clear answer to this question yesterday. The answer was given to this question. The answer was given to the question yesterday, and the question was answered.",0.6456783070000256,55.75531903381504,36,0.2727272727272727
OPUS autoregressive_encoder_decoder,3,Diese Frage hat Gutachs Bürgermeister gestern klar beantwortet.,"Yesterday, Gutacht's Mayor gave a clear answer to this question.",Gutach's mayor answered that question clearly yesterday.,0.08103203999996822,160.43036803719983,13,0.0
E2D2 official_b4_s4_cache,4,"""Die Rathausampel ist damals installiert worden, weil diese den Schulweg sichert"", erläuterte Eckert gestern.","""At the time, the Town Hall traffic lights were installed because this was a school route,"" explained Eckert yesterday.","""The Town Hall lamp was installed at that time because it ensures the school path,"" explained Eckert, yesterday.",0.4447605319999184,53.96162265586193,24,0.0
OPUS autoregressive_encoder_decoder,4,"""Die Rathausampel ist damals installiert worden, weil diese den Schulweg sichert"", erläuterte Eckert gestern.","""At the time, the Town Hall traffic lights were installed because this was a school route,"" explained Eckert yesterday.","""The town hall lamp was installed at the time because it secures the school path,"" Eckert explained yesterday.",0.15778194200004236,158.44652235294004,25,0.0
E2D2 official_b4_s4_cache,5,Die Kluser-Ampel sichere sowohl Radfahrer als auch Busfahrgäste und die Bergle-Bewohner.,"The Kluser lights protect cyclists, as well as those travelling by bus and the residents of Bergle.",The Kluser lights protect both cyclists and bus passengers and the Bergle residents. The light is also used for safety. The light is used to protect cyclists and bus passengers.,0.8948072270000011,40.23212923826771,36,0.1875
OPUS autoregressive_encoder_decoder,5,Die Kluser-Ampel sichere sowohl Radfahrer als auch Busfahrgäste und die Bergle-Bewohner.,"The Kluser lights protect cyclists, as well as those travelling by bus and the residents of Bergle.",The Kluser traffic lights are safe for cyclists as well as bus passengers and the inhabitants of Bergle.,0.5406016690000115,44.39497947609831,24,0.0
E2D2 official_b4_s4_cache,6,Die gestern offiziell in Betrieb genommene Anlage sei wichtig für den Kreuzungsbereich Sulzbachweg/Kirchstraße.,"The system, which officially became operational yesterday, is of importance to the Sulzbachweg/Kirchstrasse junction.",The facility officially opened yesterday was important for the crossroads Sulzbachweg/Kirchstraße. The plant was opened yesterday and was important for the development of the plant.,2.415437044999976,14.904135081690923,36,0.17857142857142858
OPUS autoregressive_encoder_decoder,6,Die gestern offiziell in Betrieb genommene Anlage sei wichtig für den Kreuzungsbereich Sulzbachweg/Kirchstraße.,"The system, which officially became operational yesterday, is of importance to the Sulzbachweg/Kirchstrasse junction.",The plant officially commissioned yesterday was important for the Sulzbachweg/Kirchstraße crossing area.,1.0311896749999505,22.304335039042265,23,0.0
E2D2 official_b4_s4_cache,7,"Wir haben das Museum, zwei Kirchen, Kurpark, die Bushaltestelle, einen Arzt und eine Bank sowie den Verkehrsfluss aus dem Wohngebiet ›Grub‹.","We have the museum, two churches, the spa gardens, the bus stop, a doctor's practice and a bank, not to mention the traffic from the 'Grub' residential area.","We have a museum, two churches, spa park, bus stop, a doctor and a bank as well as a traffic flow from the residential area ©Grubethen.",2.9258218209999995,12.304235255069555,36,0.0
OPUS autoregressive_encoder_decoder,7,"Wir haben das Museum, zwei Kirchen, Kurpark, die Bushaltestelle, einen Arzt und eine Bank sowie den Verkehrsfluss aus dem Wohngebiet ›Grub‹.","We have the museum, two churches, the spa gardens, the bus stop, a doctor's practice and a bank, not to mention the traffic from the 'Grub' residential area.","We have the museum, two churches, spa park, bus stop, doctor and bank, and the traffic flow from the residential area ›Grub‹.",0.205180427000073,160.8340546049661,33,0.0
E2D2 official_b4_s4_cache,8,"""Bei dem hohen Verkehrs- und Fußgängeraufkommen musste zu deren Sicherheit eine weitere Ampel her"", so Eckert.","""At times of high road and pedestrian traffic, an additional set of lights were required to ensure safety,"" said Eckert.","""The high traffic and pedestrian volume had to create another traffic light for their safety"", says Eckert, Germany.",0.4426672619999863,54.216794554824666,24,0.0
OPUS autoregressive_encoder_decoder,8,"""Bei dem hohen Verkehrs- und Fußgängeraufkommen musste zu deren Sicherheit eine weitere Ampel her"", so Eckert.","""At times of high road and pedestrian traffic, an additional set of lights were required to ensure safety,"" said Eckert.","""With the high traffic and pedestrian traffic, another traffic light had to be used to ensure their safety,"" says Eckert.",0.16655758799993237,162.1060938995524,27,0.0
E2D2 official_b4_s4_cache,9,Dies bestätigt auch Peter Arnold vom Landratsamt Offenburg.,This was also confirmed by Peter Arnold from the Offenburg District Office.,This is also confirmed by Peter Arnold of the State Council of Offenburg.,0.28061280700001134,57.01806760373326,16,0.0
OPUS autoregressive_encoder_decoder,9,Dies bestätigt auch Peter Arnold vom Landratsamt Offenburg.,This was also confirmed by Peter Arnold from the Offenburg District Office.,This is confirmed by Peter Arnold of the Offenburg District Council.,0.0922510959999272,162.5996942086394,15,0.0
E2D2 official_b4_s4_cache,10,"""Laut aktuellen Messungen durchfahren auf der B 33 täglich etwa 12 000 Fahrzeuge die Gemeinde Gutach, davon sind etwa zehn Prozent Schwerlastverkehr"", betont Arnold.","""According to current measurements, around 12,000 vehicles travel through the town of Gutach on the B33 on a daily basis, of which heavy goods traffic accounts for around ten per cent,"" emphasised Arnold.","""Despite current measurements, about 12 000 vehicles pass through the municipality of Gutach every day on the B 33, of which about ten percent are heavy goods traffic,"" says Arnold.",0.8117874690000235,54.20137866158504,44,0.0
OPUS autoregressive_encoder_decoder,10,"""Laut aktuellen Messungen durchfahren auf der B 33 täglich etwa 12 000 Fahrzeuge die Gemeinde Gutach, davon sind etwa zehn Prozent Schwerlastverkehr"", betont Arnold.","""According to current measurements, around 12,000 vehicles travel through the town of Gutach on the B33 on a daily basis, of which heavy goods traffic accounts for around ten per cent,"" emphasised Arnold.","""According to current measurements, around 12 000 vehicles per day run through the municipality of Gutach on the B 33, of which about ten percent are heavy-duty traffic,"" Arnold emphasizes.",0.24892053800010672,160.6938516257861,40,0.0
E2D2 official_b4_s4_cache,11,"Daher sei der Bau einer weiteren Ampel mehr als notwendig: ""Sicherheit geht hier einfach vor"", so Arnold.","Therefore the construction of an additional set of lights was more than necessary: ""Here safety comes first, it's that simple,"" said Arnold.","For this reason, the construction of another traffic light is more than necessary: ""Security is easy to achieve here,"" says Mr Arnold.",0.526234565999971,53.20821133593407,28,0.0
OPUS autoregressive_encoder_decoder,11,"Daher sei der Bau einer weiteren Ampel mehr als notwendig: ""Sicherheit geht hier einfach vor"", so Arnold.","Therefore the construction of an additional set of lights was more than necessary: ""Here safety comes first, it's that simple,"" said Arnold.","Therefore, the construction of another traffic light is more than necessary: ""Safety is just going ahead here,"" says Arnold.",0.17309570199995505,155.98307576699398,27,0.0
E2D2 official_b4_s4_cache,12,"Insgesamt seien vier Verkehrsschauen durchgeführt worden, auch ein Kreisverkehr wurde angedacht, allerdings wegen der Enge in dem Kreuzungsbereich Sulzbachweg/Kirchstraße wieder verworfen.","A total of four road safety inspections were carried out and a roundabout was also considered, however, this idea was rejected on account of the narrowness of the Sulzbachweg/Kirchstrasse junctions.","In total, four traffic shows were carried out, a roundabout was also planned, but rejected again because of the narrowness in the Sulzbachweg/Kirchstraße crossing crossing area.",0.7215561579999985,55.435740595536686,40,0.0
OPUS autoregressive_encoder_decoder,12,"Insgesamt seien vier Verkehrsschauen durchgeführt worden, auch ein Kreisverkehr wurde angedacht, allerdings wegen der Enge in dem Kreuzungsbereich Sulzbachweg/Kirchstraße wieder verworfen.","A total of four road safety inspections were carried out and a roundabout was also considered, however, this idea was rejected on account of the narrowness of the Sulzbachweg/Kirchstrasse junctions.","Four traffic shows were carried out in total, a roundabout was also planned, but because of the narrowness in the intersection Sulzbachweg/Kirchstraße was discarded.",0.23408465800002887,162.33443201559717,38,0.0
E2D2 official_b4_s4_cache,13,"Es wurde laut Arnold bei der Standortwahl der Ampelmasten zuvor alles ausgetestet: ""Mittels eines extra für uns mit besonders langen Holzstämmen beladener Transporter haben wir ausgestestet, ob diese Fahrzeuge aus dem Sulzbachweg auf die B 33 ausfahren können, ohne den Ampelmasten umzuknicken"".","According to Arnold, every possible test was carried out prior to the selection of the location for the traffic light posts: ""Using a goods vehicle loaded with particularly long tree trunks, we also tested whether such vehicles could access the B 33 from the Sulzbachweg without knocking over the traffic light posts"".","According to Arnold, everything was tested before in the selection of traffic lights: ""By means of an extra truck loaded for us with particularly long wooden tribes, we have tested whether these vehicles can exit from the Sulzbachweg to the B 33 without changing the traffic light light system"".",1.0894015040000795,55.076112690951106,60,0.0
OPUS autoregressive_encoder_decoder,13,"Es wurde laut Arnold bei der Standortwahl der Ampelmasten zuvor alles ausgetestet: ""Mittels eines extra für uns mit besonders langen Holzstämmen beladener Transporter haben wir ausgestestet, ob diese Fahrzeuge aus dem Sulzbachweg auf die B 33 ausfahren können, ohne den Ampelmasten umzuknicken"".","According to Arnold, every possible test was carried out prior to the selection of the location for the traffic light posts: ""Using a goods vehicle loaded with particularly long tree trunks, we also tested whether such vehicles could access the B 33 from the Sulzbachweg without knocking over the traffic light posts"".","According to Arnold, everything was tested in the selection of traffic lights: ""With the help of a transporter loaded with particularly long logs, we tested whether these vehicles can travel from the Sulzbachweg to the B 33 without having to bend the traffic lights.""",0.34336060999999063,160.18144888547786,55,0.02040816326530612
E2D2 official_b4_s4_cache,14,"Die rund 15 000 Euro teure Ampelanlage selbst ist das ""modernste, was es derzeit auf dem Markt gibt"", erläuterte Arnold.","The traffic light system itself, which cost around EUR 15,000, is the ""most modern system that is currently available on the market,"" explained Arnold.","The EUR 15 000 cost of traffic light itself is the 'most modern thing currently exists on the market', said Arnold, President.",0.6392549140000483,50.05827769045133,32,0.0
OPUS autoregressive_encoder_decoder,14,"Die rund 15 000 Euro teure Ampelanlage selbst ist das ""modernste, was es derzeit auf dem Markt gibt"", erläuterte Arnold.","The traffic light system itself, which cost around EUR 15,000, is the ""most modern system that is currently available on the market,"" explained Arnold.","The approximately 15 000 Euro traffic light system itself is the ""most modern thing on the market,"" explained Arnold.",0.1620114370000465,148.13768981009108,24,0.0
E2D2 official_b4_s4_cache,15,"Die Anlage ist mit farbigen LEDs ausgestattet, die so kräftig leuchten, dass die Lichter von den Autofahrern beispielsweise auch bei tiefstehender Sonne gut zu erkennen sind.","The system is fitted with coloured LEDs, which are bright enough that drivers can easily see the lights, even when the sun is low in the sky.","The system is equipped with coloured LEDs, which are so strong that the lights can be easily recognized by car drivers, for example, even in low sun.",0.5893192739999904,54.299937931438706,32,0.0
OPUS autoregressive_encoder_decoder,15,"Die Anlage ist mit farbigen LEDs ausgestattet, die so kräftig leuchten, dass die Lichter von den Autofahrern beispielsweise auch bei tiefstehender Sonne gut zu erkennen sind.","The system is fitted with coloured LEDs, which are bright enough that drivers can easily see the lights, even when the sun is low in the sky.","The system is equipped with coloured LEDs that shine so strongly that the lights are easily visible by drivers, for example, even in the low sun.",0.204344921000029,156.5979709375574,32,0.0
E2D2 official_b4_s4_cache,16,"Und sparsam ist sie auch: Die älteren Lichtanlagen verbrauchen etwa 100 Watt, die neuen gerade mal acht Watt.","And they are also energy-efficient: The older light systems consume around 100 Watts, with the new ones consuming just eight.","And it is also economical: the older light systems consume about 100 Watt, the new just about eight Watt, too.",0.5089997050000648,55.00985506464377,28,0.043478260869565216
OPUS autoregressive_encoder_decoder,16,"Und sparsam ist sie auch: Die älteren Lichtanlagen verbrauchen etwa 100 Watt, die neuen gerade mal acht Watt.","And they are also energy-efficient: The older light systems consume around 100 Watts, with the new ones consuming just eight.","And it is also economical: The older lighting systems consume about 100 watts, the new ones just eight watts.",0.1832693640000116,141.86768280593998,26,0.0
E2D2 official_b4_s4_cache,17,Pro Fahrtrichtung gibt es drei Lichtanlagen.,There are three sets of lights per direction of travel.,There are three light systems per direction. The car is 100 m long and 100 m long and 100 m long. The car is 100 m long and 100 m long and 100 m long. The car is 100 m long and 100 m long and 100 m long. The car is 100 m long and 100 m long,1.9381923319999714,49.53068816495628,96,0.7419354838709677
OPUS autoregressive_encoder_decoder,17,Pro Fahrtrichtung gibt es drei Lichtanlagen.,There are three sets of lights per direction of travel.,There are three lighting systems per direction of travel.,0.1056579570000622,113.57403020761546,12,0.0
E2D2 official_b4_s4_cache,18,Arnold erklärte die Technik der neuen Anlage: Diese ist mit zwei Radarsensoren ausgestattet.,Arnold explained the technology used by the new system: It is fitted with two radar sensors.,(slotold explained the technique of the new system: this is equipped with two radar-sens.,0.4641456230000358,43.08992481869954,20,0.0
OPUS autoregressive_encoder_decoder,18,Arnold erklärte die Technik der neuen Anlage: Diese ist mit zwei Radarsensoren ausgestattet.,Arnold explained the technology used by the new system: It is fitted with two radar sensors.,Arnold explained the technology of the new system: This is equipped with two radar sensors.,0.1515741700000035,125.35117296040322,19,0.0
E2D2 official_b4_s4_cache,19,"Drückt der Fußgänger den Ampelknopf, testet der obere Radarsensor die Verkehrslage.","If the pedestrian presses the button at the traffic lights, the top radar sensor checks the traffic status.","If the pedestrian press the traffic light button, the upper radar sensor tests the traffic traffic position.",0.48623369699998875,41.132484489244405,20,0.05555555555555555
OPUS autoregressive_encoder_decoder,19,"Drückt der Fußgänger den Ampelknopf, testet der obere Radarsensor die Verkehrslage.","If the pedestrian presses the button at the traffic lights, the top radar sensor checks the traffic status.","If the pedestrian pushes the traffic light button, the upper radar sensor tests the traffic situation.",0.19626013699996747,107.00084245841263,21,0.058823529411764705
E2D2 official_b4_s4_cache,20,"Ist die Straße frei, kommt unmittelbar Grün für den Fußgänger, wenn nicht, dauert es etwa 15 Sekunden.","If the street is clear, the pedestrian obtains a green light immediately, if not, there is a delay of around 15 seconds.","If the road is free, green comes directly for the pedestrian, if not, it takes about 15 seconds. The road is free, but it takes about 15 seconds to walk. The road is not very good.",1.0351433970000699,46.37038707787532,48,0.2619047619047619
OPUS autoregressive_encoder_decoder,20,"Ist die Straße frei, kommt unmittelbar Grün für den Fußgänger, wenn nicht, dauert es etwa 15 Sekunden.","If the street is clear, the pedestrian obtains a green light immediately, if not, there is a delay of around 15 seconds.","If the road is clear, immediately comes green for the pedestrian, if not, it takes about 15 seconds.",0.14760512500004097,162.59598032245384,24,0.0
E2D2 official_b4_s4_cache,21,"Ein weiteres Radarsensor prüft, ob die Grünphase für den Fußgänger beendet werden kann.",An additional radar sensor checks whether the green phase for the pedestrian can be ended.,Another radar sensor checks whether the green phase for the pedestrian can be finished.,0.2855887769999299,56.02461051893481,16,0.0
OPUS autoregressive_encoder_decoder,21,"Ein weiteres Radarsensor prüft, ob die Grünphase für den Fußgänger beendet werden kann.",An additional radar sensor checks whether the green phase for the pedestrian can be ended.,Another radar sensor checks whether the green phase for the pedestrian can be terminated.,0.11043327899994893,153.93910380953065,17,0.0
E2D2 official_b4_s4_cache,22,"""Sollte eine Gruppe oder gehbehinderte Menschen über die Straße gehen, wird die Grünphase verlängert, es kommt also jeder sicher über die Fahrbahn"", erklärte Arnold.","""If a group of people or if disabled persons are crossing the street, the green phase is extended, thus ensuring that everyone gets safely across the street,"" explained Arnold.","""Should a group or disabled people go through the road, the green phase will be extended, so everyone will certainly pass through the road,"" Arnold said.",0.5843415749999394,54.76249058609824,32,0.0967741935483871
OPUS autoregressive_encoder_decoder,22,"""Sollte eine Gruppe oder gehbehinderte Menschen über die Straße gehen, wird die Grünphase verlängert, es kommt also jeder sicher über die Fahrbahn"", erklärte Arnold.","""If a group of people or if disabled persons are crossing the street, the green phase is extended, thus ensuring that everyone gets safely across the street,"" explained Arnold.","""If a group or disabled people walk across the road, the green phase will be extended, so everyone will be safe on the road,"" Arnold explained.",0.20545596299996305,160.6183608309579,33,0.0967741935483871
E2D2 official_b4_s4_cache,23,Natürlich müsse der Autofahrer hier als Partner mitdenken und die Fahrbahn beobachten.,"Of course, drivers must also play their part and keep their eyes on the road.","Of course, the driver must think as a partner and watch the road.",0.288387987999954,55.4808128832417,16,0.0
OPUS autoregressive_encoder_decoder,23,Natürlich müsse der Autofahrer hier als Partner mitdenken und die Fahrbahn beobachten.,"Of course, drivers must also play their part and keep their eyes on the road.","Of course, the driver had to think about it as a partner and observe the road.",0.12450391600009425,160.63751761819972,20,0.0
E2D2 official_b4_s4_cache,24,"Dies war gestern nicht der Fall: Kaum zeigte die Ampel für Fußgänger grün, rauschte ein Oberklasse-Fahrzeug durch - bei leuchtendem Rot.",Yesterday this was not the case: The light had barely turned green for pedestrians when a luxury vehicle sped through on a red light.,"This was not the case yesterday: the traffic lights for pedestrians hardly showed green, a top class vehicle went through in light of red.",0.5132052180000528,54.559071143343516,28,0.0
OPUS autoregressive_encoder_decoder,24,"Dies war gestern nicht der Fall: Kaum zeigte die Ampel für Fußgänger grün, rauschte ein Oberklasse-Fahrzeug durch - bei leuchtendem Rot.",Yesterday this was not the case: The light had barely turned green for pedestrians when a luxury vehicle sped through on a red light.,"This was not the case yesterday: the traffic lights for pedestrians were barely green, a top class vehicle rushed through - with bright red.",0.19233432199996514,161.17768101735695,31,0.0
E2D2 official_b4_s4_cache,25,Josef Winkler schreibt sich seit mehr als 30 Jahren die Nöte seiner Kindheit und Jugend von der Seele.,"For more than 30 years, Josef Winkler has been writing from the heart, telling of the hardships of his childhood and youth.",Waldf Winkler has been writing the needs of his childhood and youth for more than 30 years.,0.446571525999957,53.74279057819354,24,0.0
OPUS autoregressive_encoder_decoder,25,Josef Winkler schreibt sich seit mehr als 30 Jahren die Nöte seiner Kindheit und Jugend von der Seele.,"For more than 30 years, Josef Winkler has been writing from the heart, telling of the hardships of his childhood and youth.",Josef Winkler has been writing the needs of his childhood and youth about the soul for more than 30 years.,0.1644942740000488,151.98097412188696,25,0.0
E2D2 official_b4_s4_cache,26,"Die Katastrophen seiner katholischen Dorfkindheit - die Sprachlosigkeit, der Hang zu roher Gewalt und stumpfer Sexualität, die Enge und Freudlosigkeit - hat der Kärntner Dichter vielfach beschrieben.","The catastrophes of his Catholic village upbringing - the speechlessness, his tendency towards brute force and dulled sexuality, the confinement and lack of joy - all of this has been described many times by the Kaernten-born poet.","The disasters of his Catholic village childhood - speechlessness, the tendency to raw violence and naked sexuality, the narrow and illlessness - have been described many times by the Carinthian poet of Germany. The victims of the war are the victims of the war. The victims of the war are the victims of the war. The victims of the war are the victims of the war. The victims of the war are the victims of the war. The victims of the war are the victims",5.126011382999991,18.72801147464798,96,0.5384615384615384
OPUS autoregressive_encoder_decoder,26,"Die Katastrophen seiner katholischen Dorfkindheit - die Sprachlosigkeit, der Hang zu roher Gewalt und stumpfer Sexualität, die Enge und Freudlosigkeit - hat der Kärntner Dichter vielfach beschrieben.","The catastrophes of his Catholic village upbringing - the speechlessness, his tendency towards brute force and dulled sexuality, the confinement and lack of joy - all of this has been described many times by the Kaernten-born poet.","The Carinthian poet has described the catastrophes of his Catholic village childhood - the speechlessness, the tendency to raw violence and dull sexuality, the narrowness and joylessness.",0.8104218980000724,45.655232282478,37,0.034482758620689655
E2D2 official_b4_s4_cache,27,"Bekannt ist der Büchner-Preisträger vor allem als Prosaautor, Theatertexte sind in seinem Werk rar.","The Büchner prizewinner is known primarily as a writer of prose, with theatre texts something of a rarity for him.","The Büchner Prize winner is well known as a fiction author, and theatre lyrics are rare in his own work.",2.5546168299999863,9.394755298781982,24,0.0
OPUS autoregressive_encoder_decoder,27,"Bekannt ist der Büchner-Preisträger vor allem als Prosaautor, Theatertexte sind in seinem Werk rar.","The Büchner prizewinner is known primarily as a writer of prose, with theatre texts something of a rarity for him.","The Büchner Prize winner is known primarily as a prose author, theatre texts are rare in his work.",0.9674233279999953,23.774493889401136,23,0.0
E2D2 official_b4_s4_cache,28,"Collage aus Prosatexten Gerhard Fresacher stellt für seine Aufführung ""Wetterleuchten auf der Zungenspitze"", die nun in der Garage X am Petersplatz zu sehen ist, daher eine Collage aus Prosatexten zusammen.","In a collage of prose texts For his performance piece, ""Wetterleuchten auf der Zungenspitze"" (Summer lightning on the tip of your tongue), which can now be seen in Garage X on Petersplatz, Gerhard Fresacher ,creates a collage of prose texts.","Collage from prosat text Gerhard fresacher brings a coll of prosat texts for his performance ""ettering lights on the tongue tip"", which can now be seen in garage X at Petersplatz, therefore.",0.9987313459999996,44.055891683207484,44,0.0
OPUS autoregressive_encoder_decoder,28,"Collage aus Prosatexten Gerhard Fresacher stellt für seine Aufführung ""Wetterleuchten auf der Zungenspitze"", die nun in der Garage X am Petersplatz zu sehen ist, daher eine Collage aus Prosatexten zusammen.","In a collage of prose texts For his performance piece, ""Wetterleuchten auf der Zungenspitze"" (Summer lightning on the tip of your tongue), which can now be seen in Garage X on Petersplatz, Gerhard Fresacher ,creates a collage of prose texts.","Collage from prose texts Gerhard Fresacher therefore compiles a collage of prose texts for his performance ""Weather lights on the tip of the tongue"", which can now be seen in the Garage X at Petersplatz.",0.2962485820000893,162.02609199319485,48,0.02631578947368421
E2D2 official_b4_s4_cache,29,"Der Theatermacher verbindet etwa Elemente aus dem autobiografisch geprägten Roman ""Der Leibeigene"" (1987) mit Prosaminiaturen aus ""Leichnam, seine Familie belauernd"" (2003).","The theatre producer has thus combined elements from the autobiographically inspired novel ""Der Leibeigene"" (1987) [The Bondsman] featuring prose miniatures from ""Leichnam, seine Familie belauernd"" (2003) [Corpse, stalking his family].","The theatre maker combines elements from the monographic novel ""Der Leibeigene"" (1987) with prosamatures from ""Leichnam, seine Familie belauernd"" (2003). The theatre maker combines elements from ""Der Leibeigene"" (1987). The work is done by the author of the novel ""Leichnam, seine Familie belürnd"" (2003).",1.6813631429999987,54.717507269635725,92,0.375
OPUS autoregressive_encoder_decoder,29,"Der Theatermacher verbindet etwa Elemente aus dem autobiografisch geprägten Roman ""Der Leibeigene"" (1987) mit Prosaminiaturen aus ""Leichnam, seine Familie belauernd"" (2003).","The theatre producer has thus combined elements from the autobiographically inspired novel ""Der Leibeigene"" (1987) [The Bondsman] featuring prose miniatures from ""Leichnam, seine Familie belauernd"" (2003) [Corpse, stalking his family].","The theatre maker combines elements from the autobiographical novel ""Der Leibstäigen"" (1987) with prosaminiatures from ""Leichnam, seine Familie belauernd"" (2003).",0.33520512100005817,155.12889494307868,52,0.034482758620689655
E2D2 official_b4_s4_cache,30,"Auf der weitgehend leergeräumten Bühne - wichtiges Requisit: ein zerknautschtes Sofa, auf dem andeutungsweise kopuliert und masturbiert wird - hangelt sich das achtköpfige Ensemble durch das Textmaterial.","On the predominantly empty stage - with one important requirement: a crumpled sofa, on which cast members allude to copulating and masturbating - the eight-person ensemble work their way through the text material.",The eight-member ensemble is hanging through the text material on the largely empty stage - important merit: a knubed sofa on which it is apparently copulated and perforated.,1.1525718630000483,31.234494920164895,36,0.0
OPUS autoregressive_encoder_decoder,30,"Auf der weitgehend leergeräumten Bühne - wichtiges Requisit: ein zerknautschtes Sofa, auf dem andeutungsweise kopuliert und masturbiert wird - hangelt sich das achtköpfige Ensemble durch das Textmaterial.","On the predominantly empty stage - with one important requirement: a crumpled sofa, on which cast members allude to copulating and masturbating - the eight-person ensemble work their way through the text material.","On the largely empty stage - important prop: a chaffed sofa, on which the textual material is copied and masturbated - the eight-member ensemble hangs through the textual material.",0.7540102529999331,58.35464415097802,44,0.06060606060606061
E2D2 official_b4_s4_cache,31,Dabei scheint Regisseur Fresacher dem Text wenig zu vertrauen.,"However, Director Fresacher seems to have little trust in the text.",The film fresacher seems to have little faith in the text in this process. The film is not produced by the film's author.,1.0853021090000539,25.799268026667598,28,0.07692307692307693
OPUS autoregressive_encoder_decoder,31,Dabei scheint Regisseur Fresacher dem Text wenig zu vertrauen.,"However, Director Fresacher seems to have little trust in the text.",Director Fresacher seems to have little faith in the text.,0.1298609090000582,115.50820116308655,15,0.0
E2D2 official_b4_s4_cache,32,"Die 70-minütige Performance übertüncht die Vorlage mit einer Fülle an Regieeinfällen, bekannt aus dem Repertoire postdramatischer Spielformen.","The 70-minute performance glosses over the script with a host of director's additions, well-known from the repertoire of post-dramatic theatrical styles.","The 70-minute performance surpasses the template with a wealth of director ideas, known from the repertoire of post-dramatic play forms. The performance is accompanied by a variety of musical styles. The performance is based on a variety of musical styles.",0.972558284999991,53.46723255768726,52,0.1702127659574468
OPUS autoregressive_encoder_decoder,32,"Die 70-minütige Performance übertüncht die Vorlage mit einer Fülle an Regieeinfällen, bekannt aus dem Repertoire postdramatischer Spielformen.","The 70-minute performance glosses over the script with a host of director's additions, well-known from the repertoire of post-dramatic theatrical styles.","The 70-minute performance conjures up the template with a wealth of directorial ideas, known from the repertoire of post-dramatic forms of play.",0.2275475930000539,149.4192909348505,34,0.0
E2D2 official_b4_s4_cache,33,Vor allem die Schauspielerinnen kommen bei den mitunter etwas fragwürdigen szenischen Umsetzungen dran.,"In particular, the actresses play a major role in the sometimes rather dubious staging.","The actors, in particular, are involved in sometimes somewhat questionable scenic performances.",0.292344901999968,54.72987519379336,16,0.0
OPUS autoregressive_encoder_decoder,33,Vor allem die Schauspielerinnen kommen bei den mitunter etwas fragwürdigen szenischen Umsetzungen dran.,"In particular, the actresses play a major role in the sometimes rather dubious staging.",Especially the actresses get involved in the sometimes somewhat questionable scenic implementations.,0.12181949500006795,147.75960120332104,18,0.0
E2D2 official_b4_s4_cache,34,"Sie werden hart angefasst, mit dem Kopf unter Wasser getaucht, mit ihren Abendroben an die Wand getackert.","They are manhandled, their heads held under water, tacked to the wall by their evening gowns.","They are hard hit, diveed under water with their head, wrapped onto the wall with their evening foils.",0.44909931200004394,53.44029562886004,24,0.05
OPUS autoregressive_encoder_decoder,34,"Sie werden hart angefasst, mit dem Kopf unter Wasser getaucht, mit ihren Abendroben an die Wand getackert.","They are manhandled, their heads held under water, tacked to the wall by their evening gowns.","They are touched hard, dipped under water with their heads, and battered against the wall with their evening robes.",0.17620288000000528,158.9077318145944,28,0.047619047619047616
E2D2 official_b4_s4_cache,35,"Eingezwängt in Zellophan oder Mieder, staksen sie auf gefährlich hohen Stöckeln durch die Inszenierung, entweder monologisieren sie lautstark oder liegen völlig verstummt auf dem Bühnenboden.","Wrapped in cellophane or in girdles, they stumble on dangerously high heels across the set, either delivering monologues at the top of their voices or lying completely silent on the stage.","In embedded in Zellophan or Mieder, they run on dangerous high muddles through the staging, either monologize them loud or lie completely silent on the stage floor. The stage floor is surrounded by a large garden.",0.8777731640000184,54.68383173309112,48,0.05128205128205128
OPUS autoregressive_encoder_decoder,35,"Eingezwängt in Zellophan oder Mieder, staksen sie auf gefährlich hohen Stöckeln durch die Inszenierung, entweder monologisieren sie lautstark oder liegen völlig verstummt auf dem Bühnenboden.","Wrapped in cellophane or in girdles, they stumble on dangerously high heels across the set, either delivering monologues at the top of their voices or lying completely silent on the stage.","Incised in cellophane or bodice, they stoke on dangerously high stumps through the staging, either monologize loudly or lie completely silently on the stage floor.",0.2648939280001059,162.3291266985282,43,0.0
E2D2 official_b4_s4_cache,36,Der Text vermittelt sich auf diese angestrengte Weise jedoch kaum.,"However, the source text makes barely any reference to this intense delivery.","The text, however, is hardly in this hard way. It is not a good text.",0.4819644489999746,41.49683662663894,20,0.0
OPUS autoregressive_encoder_decoder,36,Der Text vermittelt sich auf diese angestrengte Weise jedoch kaum.,"However, the source text makes barely any reference to this intense delivery.","The text, however, is hardly mediated in this effort.",0.1317922540000609,113.81549024871423,15,0.0
E2D2 official_b4_s4_cache,37,"Die besten Momente hat der Abend, wenn gesungen wird - die Bandbreite reicht von Deep Purple bis zu volkstümlichem Liedgut.",The best moments of the evening is when the singing starts - tracks range from Deep Purple to traditional folk songs.,The best moments are the evening when singing - the bandwidth ranges from DeepLO to folk songs.,0.46773055200003455,42.75966133595336,20,0.0
OPUS autoregressive_encoder_decoder,37,"Die besten Momente hat der Abend, wenn gesungen wird - die Bandbreite reicht von Deep Purple bis zu volkstümlichem Liedgut.",The best moments of the evening is when the singing starts - tracks range from Deep Purple to traditional folk songs.,The best moments are when the evening is sung - the range ranges from deep purple to folk songs.,0.1902680870000495,120.88206888837863,23,0.0
E2D2 official_b4_s4_cache,38,"Erst gegen Ende kommt die überdrehte Aufführung etwas zur Ruhe, und Winklers nachgerade absurder Humor blitzt auf.","Only towards the end does the highly charged performance start to wind down, and we see flashes of Winkler's somewhat absurd sense of humour.","Only towards the end does the over-own performance come a little to rest, and Winkler’s even absurd humor wake up.",0.6792587359999516,41.22140580022219,28,0.0
OPUS autoregressive_encoder_decoder,38,"Erst gegen Ende kommt die überdrehte Aufführung etwas zur Ruhe, und Winklers nachgerade absurder Humor blitzt auf.","Only towards the end does the highly charged performance start to wind down, and we see flashes of Winkler's somewhat absurd sense of humour.","Only towards the end does the over-turned performance come to rest, and Winkler's absurd humor flashes up.",0.30343629600008626,95.57195491205098,29,0.0
E2D2 official_b4_s4_cache,39,Eine Blackbox im Auto?,A black box in your car?,A black box in the car?,0.181684496999992,44.03237553064504,8,0.0
OPUS autoregressive_encoder_decoder,39,Eine Blackbox im Auto?,A black box in your car?,A black box in the car?,0.05653690200006167,159.1880644608044,9,0.0
E2D2 official_b4_s4_cache,40,"US-amerikanische Straßenplaner sind auf der Suche nach einer Geldquelle, um das verfallende Highway-System zu reparieren, und glauben die Lösung in einem kleinen schwarzen Kasten gefunden zu haben, der im Armaturenbrett jedes Autos Platz findet.","As America's road planners struggle to find the cash to mend a crumbling highway system, many are beginning to see a solution in a little black box that fits neatly by the dashboard of your car.","US road planners are looking for a source of money to repair the declining highway system, and believe they have found the solution in a small black box that can be placed on each car’s keyboard.",0.7349872620000042,54.4227118863997,40,0.0
OPUS autoregressive_encoder_decoder,40,"US-amerikanische Straßenplaner sind auf der Suche nach einer Geldquelle, um das verfallende Highway-System zu reparieren, und glauben die Lösung in einem kleinen schwarzen Kasten gefunden zu haben, der im Armaturenbrett jedes Autos Platz findet.","As America's road planners struggle to find the cash to mend a crumbling highway system, many are beginning to see a solution in a little black box that fits neatly by the dashboard of your car.","US road planners are looking for a source of money to repair the decaying highway system, and believe they have found the solution in a small black box that can be found in the dashboard of any car.",0.28090469200003554,160.19668336474174,45,0.0
E2D2 official_b4_s4_cache,41,"Die Geräte, die jeden gefahrenen Kilometer aufzeichnen und die Informationen an die Behörden melden, sind Kernpunkt eines kontroversen Versuchs von Washington und den Planungsbüros der Bundesstaaten, das veraltete System zur Finanzierung US-amerikanischer Straßen zu überarbeiten.","The devices, which track every mile a motorist drives and transmit that information to bureaucrats, are at the center of a controversial attempt in Washington and state planning offices to overhaul the outdated system for funding America's major roads.",The equipment that record every kilometer and report the information to the authorities is at the heart of a controversial attempt by Washington and the state planning offices to revise the outdated system for financing US roads.,0.7352723120000064,54.40161331683553,40,0.0
OPUS autoregressive_encoder_decoder,41,"Die Geräte, die jeden gefahrenen Kilometer aufzeichnen und die Informationen an die Behörden melden, sind Kernpunkt eines kontroversen Versuchs von Washington und den Planungsbüros der Bundesstaaten, das veraltete System zur Finanzierung US-amerikanischer Straßen zu überarbeiten.","The devices, which track every mile a motorist drives and transmit that information to bureaucrats, are at the center of a controversial attempt in Washington and state planning offices to overhaul the outdated system for funding America's major roads.",The equipment that records every kilometer driven and reports the information to the authorities is at the heart of a controversial attempt by Washington and state planning offices to revise the outdated system of financing US roads.,0.2493047469999965,160.44620281538627,40,0.0
E2D2 official_b4_s4_cache,42,Das normalerweise eher langweilige Gebiet der Straßenplanung hat plötzlich eine intensive Debatte mit bunten Allianzen entfacht.,The usually dull arena of highway planning has suddenly spawned intense debate and colorful alliances.,The usually rather boring area of road planning has suddenly generated an intense debate with colourfuled alliances.,0.3735836980000613,53.53552659569401,20,0.0
OPUS autoregressive_encoder_decoder,42,Das normalerweise eher langweilige Gebiet der Straßenplanung hat plötzlich eine intensive Debatte mit bunten Allianzen entfacht.,The usually dull arena of highway planning has suddenly spawned intense debate and colorful alliances.,The normally rather boring area of road planning has suddenly sparked an intense debate with colorful alliances.,0.13736230899996826,160.16038286022902,22,0.0
E2D2 official_b4_s4_cache,43,"Libertäre haben sich mit Umweltgruppen verbündet und sprechen sich dafür aus, dass die Regierung die kleinen Boxen zum Aufzeichnen der gefahrenen Kilometer – und möglicherweise auch, wo sie gefahren wurden – verwenden und die Informationen dann für die Berechnung von Steuerbescheiden einsetzen kann.","Libertarians have joined environmental groups in lobbying to allow government to use the little boxes to keep track of the miles you drive, and possibly where you drive them - then use the information to draw up a tax bill.",Libertaries have allied themselves with environmental groups and argue that the government can use the small boxes to record the kilometres that have been driven – and possibly where they have been driven – and then use the information to calculate tax equities.,0.8937507159999996,53.70625068120228,48,0.11627906976744186
OPUS autoregressive_encoder_decoder,43,"Libertäre haben sich mit Umweltgruppen verbündet und sprechen sich dafür aus, dass die Regierung die kleinen Boxen zum Aufzeichnen der gefahrenen Kilometer – und möglicherweise auch, wo sie gefahren wurden – verwenden und die Informationen dann für die Berechnung von Steuerbescheiden einsetzen kann.","Libertarians have joined environmental groups in lobbying to allow government to use the little boxes to keep track of the miles you drive, and possibly where you drive them - then use the information to draw up a tax bill.",Libertarians have allied themselves with environmental groups and are in favour of the government using the small boxes to record the mileage they have driven – and possibly where they have been driven – and then using the information to calculate tax rulings.,0.3294927460000281,154.7833772340337,51,0.09302325581395349
E2D2 official_b4_s4_cache,44,Die Tea Party ist entsetzt.,The tea party is aghast.,The Tea Party is appalled.,0.14511378300005617,55.12915337612626,8,0.0
OPUS autoregressive_encoder_decoder,44,Die Tea Party ist entsetzt.,The tea party is aghast.,The tea party is horrified.,0.05528146199992534,162.80321964010565,9,0.0
E2D2 official_b4_s4_cache,45,Die amerikanische Bürgerrechtsvereinigung (ACLU) ist ebenfalls zutiefst besorgt und äußert eine Reihe von Datenschutzbedenken.,"The American Civil Liberties Union is deeply concerned, too, raising a variety of privacy issues.",The American Civil Rights Association (ACMI) is also deeply concerned and expresses a number of data protection concerns here.,0.44022093199998835,54.518080026236994,24,0.0
OPUS autoregressive_encoder_decoder,45,Die amerikanische Bürgerrechtsvereinigung (ACLU) ist ebenfalls zutiefst besorgt und äußert eine Reihe von Datenschutzbedenken.,"The American Civil Liberties Union is deeply concerned, too, raising a variety of privacy issues.",The American Civil Rights Association (ACLU) is also deeply concerned and expresses a number of data protection concerns.,0.14761325699998906,162.58702292573747,24,0.0
E2D2 official_b4_s4_cache,46,"Doch während man sich im Kongress nicht auf ein Vorgehen einigen kann, warten mehrere Bundesstaaten nicht länger.","And while Congress can't agree on whether to proceed, several states are not waiting.","But, while Congress cannot agree on action, several states are no longer waiting. The answer is not to wait.",0.42807118999996874,56.06544089080546,24,0.0
OPUS autoregressive_encoder_decoder,46,"Doch während man sich im Kongress nicht auf ein Vorgehen einigen kann, warten mehrere Bundesstaaten nicht länger.","And while Congress can't agree on whether to proceed, several states are not waiting.","But while Congress cannot agree on a course of action, several states no longer wait.",0.117112976000044,162.23650571387464,19,0.0
E2D2 official_b4_s4_cache,47,"Sie prüfen derzeit, wie sie im Laufe der nächsten zehn Jahre zu einem System wechseln können, bei dem Fahrer pro gefahrener Meile bezahlen.","They are exploring how, over the next decade, they can move to a system in which drivers pay per mile of road they roll over.",They are currently looking at how they can switch over the next ten years to a system where drivers pay per travel mile. The system is now in place.,0.5951800889999959,53.76523944839194,32,0.0
OPUS autoregressive_encoder_decoder,47,"Sie prüfen derzeit, wie sie im Laufe der nächsten zehn Jahre zu einem System wechseln können, bei dem Fahrer pro gefahrener Meile bezahlen.","They are exploring how, over the next decade, they can move to a system in which drivers pay per mile of road they roll over.",They are currently examining how they can switch to a system where drivers pay per mile driven over the next ten years.,0.15716448099999525,159.06902018147952,25,0.0
E2D2 official_b4_s4_cache,48,"Tausende von Autofahrern haben die Fahrtenschreiber, von denen einige mit GPS-Überwachung ausgestattet sind, bereits getestet.","Thousands of motorists have already taken the black boxes, some of which have GPS monitoring, for a test drive.","Thousands of drivers have already tested the tachographs, some of which are equipped with GPS surveillance. The problem is that they are not able to control the data on their behalf. The problem is that they are not able to control the data on their behalf. The problem is that they are not able to control the data on their behalf. The problem is that they are not able to control the data on their behalf. The problem is that they are not able to control the data",1.8331840949999787,52.36789925345775,96,0.6451612903225806
OPUS autoregressive_encoder_decoder,48,"Tausende von Autofahrern haben die Fahrtenschreiber, von denen einige mit GPS-Überwachung ausgestattet sind, bereits getestet.","Thousands of motorists have already taken the black boxes, some of which have GPS monitoring, for a test drive.","Thousands of drivers have already tested tachographs, some of which are equipped with GPS surveillance.",0.16021898600001805,156.03643877759396,25,0.0
E2D2 official_b4_s4_cache,49,Das ist wirklich ein Muss für unser Land.,This really is a must for our nation.,This is really a must for our country to do.,0.21463227900005677,55.90957732875224,12,0.0
OPUS autoregressive_encoder_decoder,49,Das ist wirklich ein Muss für unser Land.,This really is a must for our nation.,This is really a must for our country.,0.06923629000004894,158.87621939292566,11,0.0
E2D2 official_b4_s4_cache,50,"„Es ist nichts, das wir nur möglicherweise verwenden werden“, sagte Hasan Ikhrata, Geschäftsführer der Southern California Assn. of Governments, die eine Aufzeichnung der gefahrenen Meilen bei allen kalifornischen Autofahrern im Bundesstaat ab 2025 plant.","""It is not a matter of something we might choose to do,"" said Hasan Ikhrata, executive director of the Southern California Assn. of Governments, which is planning for the state to start tracking miles driven by every California motorist by 2025.","""It’s nothing we can possibly use,"" said_Source Iconhrata, Director of Southern California Assn. of Governments, who plans to record the miles taken by all California car drivers in the state from 2025 onwards.",0.8902795439998954,53.91564966700576,48,0.0
OPUS autoregressive_encoder_decoder,50,"„Es ist nichts, das wir nur möglicherweise verwenden werden“, sagte Hasan Ikhrata, Geschäftsführer der Southern California Assn. of Governments, die eine Aufzeichnung der gefahrenen Meilen bei allen kalifornischen Autofahrern im Bundesstaat ab 2025 plant.","""It is not a matter of something we might choose to do,"" said Hasan Ikhrata, executive director of the Southern California Assn. of Governments, which is planning for the state to start tracking miles driven by every California motorist by 2025.","""It's nothing we may only use,"" said Hasan Ikhrata, CEO of Southern California Assn. of Governments, who plans to record miles of driving across California's state from 2025.",0.3003365350000422,153.16151929366015,46,0.02631578947368421
E2D2 official_b4_s4_cache,51,"Die Art und Weise, wie wir diese Steuern zahlen, wird sich verändern.",There is going to be a change in how we pay these taxes.,The way we pay these taxes will change in nature.,0.22306882999998834,53.79505509577751,12,0.0
OPUS autoregressive_encoder_decoder,51,"Die Art und Weise, wie wir diese Steuern zahlen, wird sich verändern.",There is going to be a change in how we pay these taxes.,The way we pay these taxes will change.,0.06960722500002703,158.02957236114108,11,0.0
E2D2 official_b4_s4_cache,52,Die Technologie dafür ist da.,The technology is there to do it.,The technology is there for this.,0.1472149390000368,54.3423110068877,8,0.0
OPUS autoregressive_encoder_decoder,52,Die Technologie dafür ist da.,The technology is there to do it.,The technology for that is there.,0.05653732000007494,159.18688752823923,9,0.0
E2D2 official_b4_s4_cache,53,"Die Initiative kommt zu einem Zeitpunkt, da der Highway Trust Fund, der aus den Steuern finanziert wird, die US-Amerikaner an der Zapfsäule entrichten, pleite ist.","The push comes as the country's Highway Trust Fund, financed with taxes Americans pay at the gas pump, is broke.","The initiative comes at a time when the Highway Trust Fund, financed from the taxes paid by Americans at the fuel column, is bankrupt.",0.6876470500000096,40.71856339673036,28,0.0
OPUS autoregressive_encoder_decoder,53,"Die Initiative kommt zu einem Zeitpunkt, da der Highway Trust Fund, der aus den Steuern finanziert wird, die US-Amerikaner an der Zapfsäule entrichten, pleite ist.","The push comes as the country's Highway Trust Fund, financed with taxes Americans pay at the gas pump, is broke.","The initiative comes at a time when the Highway Trust Fund, which is financed by taxes, is bankrupt, and the US payers pay at the pump.",0.2837596320000557,116.29561177325435,33,0.0
E2D2 official_b4_s4_cache,54,Doch in Amerika wird nicht mehr so viel getankt wie früher.,Americans don't buy as much gas as they used to.,"But in America, it is no longer as much refuelling as it was in the past. But it is not refuelling. But America is refuelling.",0.8675658419999763,41.49540963601121,36,0.10714285714285714
OPUS autoregressive_encoder_decoder,54,Doch in Amerika wird nicht mehr so viel getankt wie früher.,Americans don't buy as much gas as they used to.,But America is not as much fuel as it used to be.,0.17148079399999006,87.47335284673845,15,0.0
E2D2 official_b4_s4_cache,55,Autos verbrauchen weniger Benzin.,Cars get many more miles to the gallon.,Caros consume less of fuel.,0.22041659000001346,36.294908654559585,8,0.0
OPUS autoregressive_encoder_decoder,55,Autos verbrauchen weniger Benzin.,Cars get many more miles to the gallon.,Cars use less fuel.,0.08388220899996668,95.37183266124022,8,0.0
E2D2 official_b4_s4_cache,56,"Die staatliche Mineralölsteuer von 18,4 Cent pro Gallone (weniger als 4 Eurocent pro Liter) ist seit 20 Jahren nicht gestiegen.","The federal tax itself, 18.4 cents per gallon, hasn't gone up in 20 years.",The state mineral tax of 18.4 cents per Gallone (less than 4 cents per litre) has not increased for 20 years. The tax on mineral oil has not increased since 2008.,0.9014824790000375,53.2456271953767,48,0.1111111111111111
OPUS autoregressive_encoder_decoder,56,"Die staatliche Mineralölsteuer von 18,4 Cent pro Gallone (weniger als 4 Eurocent pro Liter) ist seit 20 Jahren nicht gestiegen.","The federal tax itself, 18.4 cents per gallon, hasn't gone up in 20 years.",The State mineral oil tax of 18.4 cents per gallon (less than 4 euro cents per litre) has not increased in 20 years.,0.2069518909999033,159.4573494378721,33,0.037037037037037035
E2D2 official_b4_s4_cache,57,"Politiker wagen bei hohen Spritpreisen nicht, die Steuer auch nur um einen Cent anzuheben.",Politicians are loath to raise the tax even one penny when gas prices are high.,Politicians do not dare to raise taxes by even one cent at high fuel prices per year.,0.382393871999966,52.30209337664746,20,0.0
OPUS autoregressive_encoder_decoder,57,"Politiker wagen bei hohen Spritpreisen nicht, die Steuer auch nur um einen Cent anzuheben.",Politicians are loath to raise the tax even one penny when gas prices are high.,Politicians do not dare to raise the tax even by one cent at high fuel prices.,0.12608006899995416,150.6978870705322,19,0.0
E2D2 official_b4_s4_cache,58,"„Die Benzinsteuer ist einfach nicht zukunftsfähig“, so Lee Munnich, ein Experte für Verkehrsgesetzgebung an der Universität von Minnesota.","""The gas tax is just not sustainable,"" said Lee Munnich, a transportation policy expert at the University of Minnesota.","""The petrol tax is simply not sustainable,"" says Lee Munnich, an expert in transport legislation at the University of Las Vegas California.",0.5076962340000364,55.151088633046655,28,0.0
OPUS autoregressive_encoder_decoder,58,"„Die Benzinsteuer ist einfach nicht zukunftsfähig“, so Lee Munnich, ein Experte für Verkehrsgesetzgebung an der Universität von Minnesota.","""The gas tax is just not sustainable,"" said Lee Munnich, a transportation policy expert at the University of Minnesota.","""The petrol tax is simply not sustainable,"" says Lee Munnich, an expert on traffic legislation at the University of Minnesota.",0.1761869359999082,158.9221121367057,28,0.0
E2D2 official_b4_s4_cache,59,"Sein Bundesstaat hat kürzlich 500 Autos mit Fahrtenschreibern ausgerüstet, mit denen ein meilenbasiertes Bezahlsystem getestet werden soll.",His state recently put tracking devices on 500 cars to test out a pay-by-mile system.,Its state has recently equipped 500 cars with tachographs to test a mile-based payment system. The first part of this is the construction of the new payment system. The first part of the system is the construction of a new payment system.,0.9428067390000479,55.15446363392759,52,0.2826086956521739
OPUS autoregressive_encoder_decoder,59,"Sein Bundesstaat hat kürzlich 500 Autos mit Fahrtenschreibern ausgerüstet, mit denen ein meilenbasiertes Bezahlsystem getestet werden soll.",His state recently put tracking devices on 500 cars to test out a pay-by-mile system.,His state recently equipped 500 cars with tachographs to test a mile-based payment system.,0.13861469599999054,158.7133300786628,22,0.0
E2D2 official_b4_s4_cache,60,"„Das stellt die langfristig sinnvollste Alternative dar“, sagte er.","""This works out as the most logical alternative over the long term,"" he said.","This is the most useful alternative in the long term,” he has said.",0.30511447599997155,52.439334277936695,16,0.0
OPUS autoregressive_encoder_decoder,60,"„Das stellt die langfristig sinnvollste Alternative dar“, sagte er.","""This works out as the most logical alternative over the long term,"" he said.","""This is the most sensible alternative in the long term,"" he said.",0.10565575700002228,160.8998930365566,17,0.0
E2D2 official_b4_s4_cache,61,Bürokraten bezeichnen es als meilenbasierte Benutzergebühr.,Wonks call it a mileage-based user fee.,Bureaucrats call it a mile-based user fee. The fee is based on the number of miles.,0.4311870120000094,55.66030360858707,24,0.0
OPUS autoregressive_encoder_decoder,61,Bürokraten bezeichnen es als meilenbasierte Benutzergebühr.,Wonks call it a mileage-based user fee.,Bureaucrats call it miles-based user fee.,0.0804567310000266,161.57753165481833,13,0.0
E2D2 official_b4_s4_cache,62,"Es überrascht nicht, dass die Idee bei städtischen Liberalen Anklang findet, denn die Steuer ließe sich beispielsweise dazu einsetzen, das Fahrverhalten so zu beeinflussen, dass Staus und klimaschädliche Abgase reduziert werden.","It is no surprise that the idea appeals to urban liberals, as the taxes could be rigged to change driving patterns in ways that could help reduce congestion and greenhouse gases, for example.","It is not surprising that the idea is popular among urban liberals, because the tax could be used to influence driving behaviour in such a way as to reduce congestion and climate harmful exhaust gases, for example. The idea is not surprising, but it is also possible to reduce the amount of tax used.",1.0902386489999571,55.03382223244074,60,0.10344827586206896
OPUS autoregressive_encoder_decoder,62,"Es überrascht nicht, dass die Idee bei städtischen Liberalen Anklang findet, denn die Steuer ließe sich beispielsweise dazu einsetzen, das Fahrverhalten so zu beeinflussen, dass Staus und klimaschädliche Abgase reduziert werden.","It is no surprise that the idea appeals to urban liberals, as the taxes could be rigged to change driving patterns in ways that could help reduce congestion and greenhouse gases, for example.","It is not surprising that the idea is popular with urban liberals, for example, that the tax could be used to influence driving behaviour in such a way that congestion and climate-damaging exhaust gases are reduced.",0.3013694730000225,149.3183750565096,45,0.025
E2D2 official_b4_s4_cache,63,"Die kalifornischen Planer setzen auf das System bei der Ausarbeitung von Strategien, mit denen die ambitionierten, gesetzlich verankerten Ziele des Bundesstaats zum Klimawandel erreicht werden sollen.",California planners are looking to the system as they devise strategies to meet the goals laid out in the state's ambitious global warming laws.,"Malian planners rely on the system to develop policies to achieve the state’s ambitious, legally established climate change targets.",0.43724695799994606,54.88888958720431,24,0.0
OPUS autoregressive_encoder_decoder,63,"Die kalifornischen Planer setzen auf das System bei der Ausarbeitung von Strategien, mit denen die ambitionierten, gesetzlich verankerten Ziele des Bundesstaats zum Klimawandel erreicht werden sollen.",California planners are looking to the system as they devise strategies to meet the goals laid out in the state's ambitious global warming laws.,"Californian planners rely on the system to develop strategies to achieve the state's ambitious, legally-established climate change goals.",0.17988217499998882,161.21664083726918,29,0.0
E2D2 official_b4_s4_cache,64,"Doch der Republikaner Bill Shuster aus Pennsylvania, Vorsitzender des House Transportation Committee, hat ebenfalls erklärt, dass er darin die gangbarste langfristige Alternative sehe.","But Rep. Bill Shuster (R-Pa.), chairman of the House Transportation Committee, has said he, too, sees it as the most viable long-term alternative.","But the Republican Bill Shuster from Pennsylvania, chairman of the House Transportation Committee, also said that he sees this as the most viable long-term alternative possible.",0.5987365010000758,53.44588136275318,32,0.0
OPUS autoregressive_encoder_decoder,64,"Doch der Republikaner Bill Shuster aus Pennsylvania, Vorsitzender des House Transportation Committee, hat ebenfalls erklärt, dass er darin die gangbarste langfristige Alternative sehe.","But Rep. Bill Shuster (R-Pa.), chairman of the House Transportation Committee, has said he, too, sees it as the most viable long-term alternative.","But Republican Bill Shuster, of Pennsylvania, chairman of the House Transportation Committee, has also stated that he sees it as the most viable long-term alternative.",0.21757603300000028,156.26721165561446,34,0.0
E2D2 official_b4_s4_cache,65,"Auch die freien Vermarkter der Reason Foundation sind von der Idee angetan, Fahrer nach zurückgelegter Strecke zahlen zu lassen.",The free marketeers at the Reason Foundation are also fond of having drivers pay per mile.,The free distributors of the Undefined Foundation are also inspired by the idea of making drivers pay after the distance they travel.,0.4533424119999836,52.940116266908795,24,0.0
OPUS autoregressive_encoder_decoder,65,"Auch die freien Vermarkter der Reason Foundation sind von der Idee angetan, Fahrer nach zurückgelegter Strecke zahlen zu lassen.",The free marketeers at the Reason Foundation are also fond of having drivers pay per mile.,The free marketers of the Reason Foundation are also impressed by the idea of paying drivers after the distance they have travelled.,0.16594144500004404,156.68177410407085,26,0.0
E2D2 official_b4_s4_cache,66,"„Das ist keine Steuer, die in einem schwarzen Loch verschwindet“, erklärt Adrian Moore, Vizepräsident für Richtlinien bei Reason.","""This is not just a tax going into a black hole,"" said Adrian Moore, vice president of policy at Reason.","This is not a tax that disappears in a black hole,” explains Adrian Moore, Vice President for guidelines at Undefined.",0.44092453200005366,54.431083458057806,24,0.0
OPUS autoregressive_encoder_decoder,66,"„Das ist keine Steuer, die in einem schwarzen Loch verschwindet“, erklärt Adrian Moore, Vizepräsident für Richtlinien bei Reason.","""This is not just a tax going into a black hole,"" said Adrian Moore, vice president of policy at Reason.","""This is not a tax that disappears in a black hole,"" explains Adrian Moore, Vice President for Guidelines at Reason.",0.17718277899996338,152.38501254123338,27,0.0
E2D2 official_b4_s4_cache,67,"Die Leute bezahlen direkt für das, was sie bekommen.",People are paying more directly into what they are getting.,People pay directly for what they get. The price is 100% for the price. The price is 100% for the price. The price is 100% for the price. The price is 100% for the price. The price is 100% for the price. The price is 100% for the price. The price is 100% for the price. The price is,1.8550181709999833,51.75151462168662,96,0.7945205479452054
OPUS autoregressive_encoder_decoder,67,"Die Leute bezahlen direkt für das, was sie bekommen.",People are paying more directly into what they are getting.,People pay directly for what they get.,0.09053204500003176,110.45812562829539,10,0.0
E2D2 official_b4_s4_cache,68,"Die Bewegung wird auch von zwei früheren amerikanischen Verkehrsministern unterstützt, die in einem Bericht im Jahr 2011 den Kongress aufgefordert hatten, sich in Richtung meilenbasierter Abrechnung zu bewegen.","The movement is also bolstered by two former U.S. Transportation secretaries, who in a 2011 report urged Congress to move in the pay-per-mile direction.","The movement is also supported by two former American transport ministers, who in a report in 2011 asked Congress to move towards miles-based accounting.",0.7713189639999882,41.4873761615441,32,0.0
OPUS autoregressive_encoder_decoder,68,"Die Bewegung wird auch von zwei früheren amerikanischen Verkehrsministern unterstützt, die in einem Bericht im Jahr 2011 den Kongress aufgefordert hatten, sich in Richtung meilenbasierter Abrechnung zu bewegen.","The movement is also bolstered by two former U.S. Transportation secretaries, who in a 2011 report urged Congress to move in the pay-per-mile direction.","The movement is also supported by two former US Transport Ministers, who in a report in 2011 had called on Congress to move towards mile-based billing.",0.26121095300004527,122.50634834594572,32,0.0
E2D2 official_b4_s4_cache,69,"Der US-Senat genehmigte letztes Jahr ein 90 Millionen Dollar teures Pilotprojekt, das 10.000 Autos umfasst hätte.","The U.S. Senate approved a $90-million pilot project last year that would have involved about 10,000 cars.","The US Senate approved a $90 million pilot project last year that would have included 10,000 new cars.",0.7403009210000846,37.822457335558006,28,0.0
OPUS autoregressive_encoder_decoder,69,"Der US-Senat genehmigte letztes Jahr ein 90 Millionen Dollar teures Pilotprojekt, das 10.000 Autos umfasst hätte.","The U.S. Senate approved a $90-million pilot project last year that would have involved about 10,000 cars.","The US Senate approved a $90 million pilot project last year that would have included 10,000 cars.",0.2196058179999909,95.62588182431884,21,0.0
E2D2 official_b4_s4_cache,70,"Doch die Mehrheit im Repräsentantenhaus verhinderte den Vorstoß und reagierte damit auf die Bedenken von Abgeordneten aus ländlichen Gebieten, die Menschen vertreten, die im Alltag oft viele Meilen auf dem Weg zur Arbeit oder in die Stadt zurücklegen müssen.","But the House leadership killed the proposal, acting on concerns of rural lawmakers representing constituents whose daily lives often involve logging lots of miles to get to work or into town.","But the majority in the House of Representatives prevented the move, responding to the concerns of Members from rural areas who represent people who often have to travel many miles on their way to work or to the city in everyday life. The majority of the House of Representatives have prevented the move. However, the majority in the House of Representatives have responded to the concerns of people who often have to travel many miles to work or to the city centre.",1.6813358779999135,52.33933394955159,88,0.3372093023255814
OPUS autoregressive_encoder_decoder,70,"Doch die Mehrheit im Repräsentantenhaus verhinderte den Vorstoß und reagierte damit auf die Bedenken von Abgeordneten aus ländlichen Gebieten, die Menschen vertreten, die im Alltag oft viele Meilen auf dem Weg zur Arbeit oder in die Stadt zurücklegen müssen.","But the House leadership killed the proposal, acting on concerns of rural lawmakers representing constituents whose daily lives often involve logging lots of miles to get to work or into town.",But the majority in the House of Representatives prevented the advance and responded to the concerns of rural MPs who represent people who often have to travel many miles to work or to the city in everyday life.,0.28598225999996885,146.8622564210961,42,0.02631578947368421
E2D2 official_b4_s4_cache,71,Mehrere Bundesstaaten und Großstädte bewegen sich nichtsdestotrotz auf eigene Faust in diese Richtung.,Several states and cities are nonetheless moving ahead on their own.,Several states and major cities are nevertheless moving on their own initiative in this direction. The problem is not entirely clear.,0.46245319699994525,51.897143658416184,24,0.0
OPUS autoregressive_encoder_decoder,71,Mehrere Bundesstaaten und Großstädte bewegen sich nichtsdestotrotz auf eigene Faust in diese Richtung.,Several states and cities are nonetheless moving ahead on their own.,"However, several states and major cities are moving in this direction on their own.",0.1257763049999312,143.11121637743966,18,0.0
E2D2 official_b4_s4_cache,72,"Am engagiertesten ist Oregon, das derzeit 5.000 Fahrer für das größte Experiment des Landes anwirbt.","The most eager is Oregon, which is enlisting 5,000 drivers in the country's biggest experiment.","The most committed is mine, which currently employs 5,000 drivers for the country’s biggest experiment.",0.4324162670000078,55.50207480977946,24,0.0
OPUS autoregressive_encoder_decoder,72,"Am engagiertesten ist Oregon, das derzeit 5.000 Fahrer für das größte Experiment des Landes anwirbt.","The most eager is Oregon, which is enlisting 5,000 drivers in the country's biggest experiment.","Oregon is the most committed, currently recruiting 5,000 riders for the country's largest experiment.",0.13045445400007338,160.97572260728015,21,0.0
E2D2 official_b4_s4_cache,73,Diese Fahrer werden bald die Meilengebühren statt der Mineralölsteuer an den Bundesstaat zahlen.,Those drivers will soon pay the mileage fees instead of gas taxes to the state.,These drivers will soon pay the Mileage fees to the state instead of the mineral oil tax.,0.3625076060000083,55.17125618599997,20,0.0
OPUS autoregressive_encoder_decoder,73,Diese Fahrer werden bald die Meilengebühren statt der Mineralölsteuer an den Bundesstaat zahlen.,Those drivers will soon pay the mileage fees instead of gas taxes to the state.,These drivers will soon pay the miles instead of the mineral oil tax to the state.,0.13556294800002888,140.15629108328295,19,0.0
E2D2 official_b4_s4_cache,74,Nevada hat bereits ein Pilotprojekt abgeschlossen.,Nevada has already completed a pilot.,Nevada has already completed a pilot's project.,0.2236309940000183,53.659824988297544,12,0.0
OPUS autoregressive_encoder_decoder,74,Nevada hat bereits ein Pilotprojekt abgeschlossen.,Nevada has already completed a pilot.,Nevada has already completed a pilot project.,0.06595225800003846,151.62483140447094,10,0.0
E2D2 official_b4_s4_cache,75,New York City erwägt ebenfalls ein solches.,New York City is looking into one.,New York City is also considering this. It is a very important issue.,0.29930042800003775,53.45799238214916,16,0.0
OPUS autoregressive_encoder_decoder,75,New York City erwägt ebenfalls ein solches.,New York City is looking into one.,New York City is also considering such a thing.,0.07425356199996713,161.60840876570086,12,0.0
E2D2 official_b4_s4_cache,76,Illinois testet es in eingeschränktem Maße mit Lkws.,Illinois is trying it on a limited basis with trucks.,Ill.msg tests it to a limited extent with trucks.,0.21441886499997054,55.965224888218906,12,0.0
OPUS autoregressive_encoder_decoder,76,Illinois testet es in eingeschränktem Maße mit Lkws.,Illinois is trying it on a limited basis with trucks.,Illinois is testing it to a limited extent with trucks.,0.09800308399996993,132.6488868452751,13,0.0
E2D2 official_b4_s4_cache,77,"Und die I-95-Koalition, zu der die Verkehrsministerien von 17 Bundesstaaten an der Ostküste gehören (einschließlich Maryland, Pennsylvania, Virginia und Florida), untersucht derzeit, wie man die Änderung einführen könnte.","And the I-95 Coalition, which includes 17 state transportation departments along the Eastern Seaboard (including Maryland, Pennsylvania, Virginia and Florida), is studying how they could go about implementing the change.","And the I-95 coalition, which includes the transport ministries of 17 states on the east coast (including Angeles, Pennsylvania, Virginia, and Florida), is currently investigating how to introduce the change process.",0.7790991689998918,56.47548059444292,44,0.0
OPUS autoregressive_encoder_decoder,77,"Und die I-95-Koalition, zu der die Verkehrsministerien von 17 Bundesstaaten an der Ostküste gehören (einschließlich Maryland, Pennsylvania, Virginia und Florida), untersucht derzeit, wie man die Änderung einführen könnte.","And the I-95 Coalition, which includes 17 state transportation departments along the Eastern Seaboard (including Maryland, Pennsylvania, Virginia and Florida), is studying how they could go about implementing the change.","And the I-95 coalition, which includes the transport ministries of 17 states on the east coast (including Maryland, Pennsylvania, Virginia, and Florida), is currently investigating how to introduce the change.",0.2691297269999495,152.34288852828098,41,0.0
E2D2 official_b4_s4_cache,78,Das Konzept ist kein universeller Hit.,The concept is not a universal hit.,"The concept is not a universal hit. The concept is not a universal hit. It is a universal hit, but it is a universal hit that is not a universal hit.",0.6607834830000456,54.48078065837114,36,0.5294117647058824
OPUS autoregressive_encoder_decoder,78,Das Konzept ist kein universeller Hit.,The concept is not a universal hit.,The concept is not a universal hit.,0.06411974900004225,155.95819004209469,10,0.0
E2D2 official_b4_s4_cache,79,"In Nevada, wo vor kurzem 50 Freiwillige mit den Geräten ausgestattet wurden, waren Autofahrer skeptisch beim Gedanken, die Regierung könnte jede ihrer Bewegungen verfolgen.","In Nevada, where about 50 volunteers' cars were equipped with the devices not long ago, drivers were uneasy about the government being able to monitor their every move.","In Nevada, where 50 volunteers were recently equipped with the equipment, drivers were sceptical about the idea that the government could follow each of their movements. The idea of the government is endless. The idea of the creation of the new government is endless. The idea of the creation of a new government is endless. The idea of the new government is not very clear.",1.4051503599999933,54.08673844698041,76,0.38028169014084506
OPUS autoregressive_encoder_decoder,79,"In Nevada, wo vor kurzem 50 Freiwillige mit den Geräten ausgestattet wurden, waren Autofahrer skeptisch beim Gedanken, die Regierung könnte jede ihrer Bewegungen verfolgen.","In Nevada, where about 50 volunteers' cars were equipped with the devices not long ago, drivers were uneasy about the government being able to monitor their every move.","In Nevada, where 50 volunteers were recently equipped with the equipment, drivers were skeptical about the government's ability to track any of their movements.",0.20536815200000547,160.68703778373154,33,0.0
E2D2 official_b4_s4_cache,80,"„Bedenken gegen Big Brother und derartige Dinge waren ein großes Problem“, erklärt Alauddin Khan, Leiter des Strategie- und Ergebnismanagements im Verkehrsministerium von Nevada.","""Concerns about Big Brother and those sorts of things were a major problem,"" said Alauddin Khan, who directs strategic and performance management at the Nevada Department of Transportation.","“ concerns about big brother and such things were a big problem,” explains Alauddin Khan, head of strategy and earnings management at the Ministry of Transport in the Nevada.",0.6420984339999904,56.06617006638041,36,0.0
OPUS autoregressive_encoder_decoder,80,"„Bedenken gegen Big Brother und derartige Dinge waren ein großes Problem“, erklärt Alauddin Khan, Leiter des Strategie- und Ergebnismanagements im Verkehrsministerium von Nevada.","""Concerns about Big Brother and those sorts of things were a major problem,"" said Alauddin Khan, who directs strategic and performance management at the Nevada Department of Transportation.","""Thinking about Big Brother and such things was a big problem,"" explains Alauddin Khan, head of strategy and outcome management at the Nevada Department of Transport.",0.24041357599992352,149.74195966375646,36,0.0
E2D2 official_b4_s4_cache,81,Die Leute wollten es nicht.,It was not something people wanted.,People did not want it to.,0.14326002899997548,55.842512777945686,8,0.0
OPUS autoregressive_encoder_decoder,81,Die Leute wollten es nicht.,It was not something people wanted.,People didn't want it.,0.05642404100001386,159.50647703516643,9,0.0
E2D2 official_b4_s4_cache,82,"Als der Test anlief, warnte die ACLU von Nevada auf ihrer Website: „Es wäre relativ einfach, die Fahrtenschreiber in ausgewachsene Überwachungsgeräte zu verwandeln.“","As the trial got underway, the ACLU of Nevada warned on its website: ""It would be fairly easy to turn these devices into full-fledged tracking devices.""","When the test started, the$str of Nevada warned on their website: “It would be relatively easy to turn the tachographs into adult monitoring devices.”",0.5938807630000156,53.882870087171284,32,0.0
OPUS autoregressive_encoder_decoder,82,"Als der Test anlief, warnte die ACLU von Nevada auf ihrer Website: „Es wäre relativ einfach, die Fahrtenschreiber in ausgewachsene Überwachungsgeräte zu verwandeln.“","As the trial got underway, the ACLU of Nevada warned on its website: ""It would be fairly easy to turn these devices into full-fledged tracking devices.""","When the test started, the Nevada ACLU warned on its website: ""It would be relatively easy to turn tachographs into full - grown surveillance devices.",0.23663560499994674,147.90673618202078,35,0.0
E2D2 official_b4_s4_cache,83,"Es bestehe keine Notwendigkeit, eine gigantische, sperrige technologische Infrastruktur aufzubauen, die unweigerlich dazu verwendet werden würde, Daten über die täglichen Bewegungen von Einzelpersonen zu erfassen.","There is no need to build an enormous, unwieldy technological infrastructure that will inevitably be expanded to keep records of individuals' everyday comings and goings.","There is no need to build a gigantic, cumbersome technological infrastructure that would inevitably be used to collect data on the daily movements of individuals.",0.648817101000077,43.15545930716256,28,0.0
OPUS autoregressive_encoder_decoder,83,"Es bestehe keine Notwendigkeit, eine gigantische, sperrige technologische Infrastruktur aufzubauen, die unweigerlich dazu verwendet werden würde, Daten über die täglichen Bewegungen von Einzelpersonen zu erfassen.","There is no need to build an enormous, unwieldy technological infrastructure that will inevitably be expanded to keep records of individuals' everyday comings and goings.","There is no need to build a gigantic, bulky technological infrastructure that would inevitably be used to collect data on the daily movements of individuals.",0.2684971859999905,111.73301458735236,30,0.0
E2D2 official_b4_s4_cache,84,"Nevada gehört zu einer Reihe von Bundesstaaten, die nun nach erschwinglicher Technologie Ausschau halten, mit der der Staat die gefahrenen Kilometer erfassen kann, aber nicht genau wann und wo.","Nevada is among several states now scrambling to find affordable technology that would allow the state to keep track of how many miles a car is being driven, but not exactly where and at what time.","Nevada is one of a number of federal states that are now looking for affordable technology to allow the state to capture the kilometres taken, but not exactly when and where.",0.8912341630000356,40.39342464029688,36,0.0
OPUS autoregressive_encoder_decoder,84,"Nevada gehört zu einer Reihe von Bundesstaaten, die nun nach erschwinglicher Technologie Ausschau halten, mit der der Staat die gefahrenen Kilometer erfassen kann, aber nicht genau wann und wo.","Nevada is among several states now scrambling to find affordable technology that would allow the state to keep track of how many miles a car is being driven, but not exactly where and at what time.","Nevada is one of a number of states that are now looking for affordable technology to capture the miles the state is driving, but not exactly when and where.",0.3585860319999483,92.02812450877829,33,0.0
E2D2 official_b4_s4_cache,85,"Damit, so Khan, wäre auch die Öffentlichkeit beruhigter.","If you can do that, Khan said, the public gets more comfortable.","This, Khan, would also reassure the general public.",0.3315819960000681,36.19014344794986,12,0.0
OPUS autoregressive_encoder_decoder,85,"Damit, so Khan, wäre auch die Öffentlichkeit beruhigter.","If you can do that, Khan said, the public gets more comfortable.","So, Khan, the public would be more calmed.",0.08820512299996608,158.72093959900022,14,0.0
E2D2 official_b4_s4_cache,86,Die Jagd nach dieser Technologie hat einige Behörden zu einem kleinen Startup-Unternehmen namens True Mileage in Kalifornien geführt.,The hunt for that technology has led some state agencies to a small California startup called True Mileage.,"The quest for this technology has led some authorities to a small launch company called True Mileage in California, California.",0.4535621380000521,52.91446968176441,24,0.0
OPUS autoregressive_encoder_decoder,86,Die Jagd nach dieser Technologie hat einige Behörden zu einem kleinen Startup-Unternehmen namens True Mileage in Kalifornien geführt.,The hunt for that technology has led some state agencies to a small California startup called True Mileage.,The hunt for this technology has led some authorities to a small startup company called True Mileage in California.,0.14834566100000757,155.0432944580619,23,0.0
E2D2 official_b4_s4_cache,87,"Die Firma ist ursprünglich nicht angetreten, um Bundesstaaten bei der Besteuerung von Autofahrern zu helfen.",The firm was not originally in the business of helping states tax drivers.,The company did not originally act to help federal states tax drivers for cars.,0.317916117999971,50.327740853961544,16,0.0
OPUS autoregressive_encoder_decoder,87,"Die Firma ist ursprünglich nicht angetreten, um Bundesstaaten bei der Besteuerung von Autofahrern zu helfen.",The firm was not originally in the business of helping states tax drivers.,The company originally did not start to help states tax drivers.,0.08822527100005573,158.6846925071067,14,0.0
E2D2 official_b4_s4_cache,88,"Vielmehr war es ihr Ziel, in einem aufstrebenden Markt für Kfz-Versicherungen Fuß zu fassen, bei denen Fahrer auf Grundlage der gefahrenen Meilen zahlen sollen.","It was seeking to break into an emerging market in auto insurance, in which drivers would pay based on their mileage.","Instead, it was their aim to take root in an emerging car insurance market where drivers should pay on the basis of the miles taken.",0.5199269649999678,53.8537177043736,28,0.0
OPUS autoregressive_encoder_decoder,88,"Vielmehr war es ihr Ziel, in einem aufstrebenden Markt für Kfz-Versicherungen Fuß zu fassen, bei denen Fahrer auf Grundlage der gefahrenen Meilen zahlen sollen.","It was seeking to break into an emerging market in auto insurance, in which drivers would pay based on their mileage.","Rather, their aim was to gain a foothold in an emerging market for car insurance, where drivers should pay based on the miles they were driving.",0.20507118000000446,156.04337966943626,32,0.0
E2D2 official_b4_s4_cache,89,"Doch die von ihr getesteten Geräte sind auch für die Straßenplaner interessant, denn sie arbeiten nicht mit GPS und liefern nur begrenzte Informationen, die regelmäßig per Modem hochgeladen werden.","But the devices it is testing appeal to highway planners because they don't use GPS and deliver a limited amount of information, uploaded periodically by modem.","But the devices she has tested are also interesting for road planners, because they don't work with GPS and provide limited information that is regularly uploaded by modem.",0.5842841510000198,54.767872695555816,32,0.0
OPUS autoregressive_encoder_decoder,89,"Doch die von ihr getesteten Geräte sind auch für die Straßenplaner interessant, denn sie arbeiten nicht mit GPS und liefern nur begrenzte Informationen, die regelmäßig per Modem hochgeladen werden.","But the devices it is testing appeal to highway planners because they don't use GPS and deliver a limited amount of information, uploaded periodically by modem.","But the devices she tested are also interesting for road planners, because they do not work with GPS and provide only limited information that is regularly uploaded via modem.",0.24275247900004615,144.1797840507052,35,0.0
E2D2 official_b4_s4_cache,90,"„Die Leute sind eher bereit, sich daran zu beteiligen, wenn ihre Geschwindigkeit und Standorte nicht aufgezeichnet werden“, erklärte Ryan Morrison, Geschäftsführer von True Mileage.","""People will be more willing to do this if you do not track their speed and you do not track their location,"" said Ryan Morrison, chief executive of True Mileage.","“People are more willing to participate if their speed and locations are not recorded,” said RyanProjection, True Mileage’s managing director.",0.5140596989999722,54.468381891188706,28,0.0
OPUS autoregressive_encoder_decoder,90,"„Die Leute sind eher bereit, sich daran zu beteiligen, wenn ihre Geschwindigkeit und Standorte nicht aufgezeichnet werden“, erklärte Ryan Morrison, Geschäftsführer von True Mileage.","""People will be more willing to do this if you do not track their speed and you do not track their location,"" said Ryan Morrison, chief executive of True Mileage.","""People are more willing to participate if their speed and locations are not recorded,"" said Ryan Morrison, CEO of True Mileage.",0.17955731300003208,161.508320187409,29,0.0
E2D2 official_b4_s4_cache,91,In einigen dieser öffentlichen Pilotprogramme wurden große Fehler gemacht.,There have been some big mistakes in some of these state pilot programs.,Some of these public pilot programmes have made major mistakes.,0.21815890499999568,55.00577663790638,12,0.0
OPUS autoregressive_encoder_decoder,91,In einigen dieser öffentlichen Pilotprogramme wurden große Fehler gemacht.,There have been some big mistakes in some of these state pilot programs.,"In some of these public pilot programmes, big mistakes have been made.",0.12026555300008113,133.03892595071846,16,0.0
E2D2 official_b4_s4_cache,92,"Es gibt wesentlich billigere und weniger intrusive Möglichkeiten, dies umzusetzen.",There are a lot less expensive and less intrusive ways to do this.,There are much cheaper and less aggressive ways of implementing this. The aim is to improve the quality of the work.,0.4308344170000282,55.70585601567302,24,0.0
OPUS autoregressive_encoder_decoder,92,"Es gibt wesentlich billigere und weniger intrusive Möglichkeiten, dies umzusetzen.",There are a lot less expensive and less intrusive ways to do this.,There are much cheaper and less intrusive ways to implement this.,0.10459655499994369,162.52925347311057,17,0.0
E2D2 official_b4_s4_cache,93,"In Oregon experimentieren die Planer damit, Autofahrern eine Reihe von Auswahlmöglichkeiten zu geben.","In Oregon, planners are experimenting with giving drivers different choices.","In Monaco, the planners experiment with giving drivers a number of selection options.",0.29115758199998254,54.95305974893334,16,0.0
OPUS autoregressive_encoder_decoder,93,"In Oregon experimentieren die Planer damit, Autofahrern eine Reihe von Auswahlmöglichkeiten zu geben.","In Oregon, planners are experimenting with giving drivers different choices.","In Oregon, planners experiment with giving drivers a range of choices.",0.10510574100010217,161.74187859047086,17,0.0
E2D2 official_b4_s4_cache,94,Sie können sich für ein Gerät mit oder ohne GPS entscheiden.,They can choose a device with or without GPS.,You can choose a device with or without a GPS.,0.23210409699993306,51.700940031245814,12,0.0
OPUS autoregressive_encoder_decoder,94,Sie können sich für ein Gerät mit oder ohne GPS entscheiden.,They can choose a device with or without GPS.,You can choose a device with or without GPS.,0.07521842799997103,159.5353734327527,12,0.0
E2D2 official_b4_s4_cache,95,Oder sie wählen überhaupt kein Gerät und zahlen stattdessen eine Pauschalgebühr auf Grundlage der durchschnittlich von allen Einwohnern des Bundesstaates gefahrenen Meilen.,"Or they can choose not to have a device at all, opting instead to pay a flat fee based on the average number of miles driven by all state residents.",Or they do not choose a device at all and pay a lump fee based on the average miles used by all residents of the state.,0.5563780429999952,50.325494243129654,28,0.0
OPUS autoregressive_encoder_decoder,95,Oder sie wählen überhaupt kein Gerät und zahlen stattdessen eine Pauschalgebühr auf Grundlage der durchschnittlich von allen Einwohnern des Bundesstaates gefahrenen Meilen.,"Or they can choose not to have a device at all, opting instead to pay a flat fee based on the average number of miles driven by all state residents.",Or they don't choose any device at all and instead pay a flat fee based on the average miles driven by all the residents of the state.,0.22504747799996494,142.19221776839902,32,0.0
E2D2 official_b4_s4_cache,96,"Andere Stellen hoffen, das Konzept einer misstrauischen Öffentlichkeit verkaufen zu können, indem sie die Geräte mit mehr Funktionen ausstatten als mit wenigeren.","Other places are hoping to sell the concept to a wary public by having the devices do more, not less.",Other agencies hope to sell the concept of a suspicious public by providing the devices with more functions than fewer of them.,0.4386279469999863,54.71607580900619,24,0.0
OPUS autoregressive_encoder_decoder,96,"Andere Stellen hoffen, das Konzept einer misstrauischen Öffentlichkeit verkaufen zu können, indem sie die Geräte mit mehr Funktionen ausstatten als mit wenigeren.","Other places are hoping to sell the concept to a wary public by having the devices do more, not less.",Other bodies hope to sell the concept of a suspicious public by providing the devices with more functions than with fewer.,0.15013979799994104,159.85102097985654,24,0.0
E2D2 official_b4_s4_cache,97,"In New York City wollen Verkehrsbeamte ein Gerät zur Besteuerung entwickeln, mit dem sich auch Parkgebühren bezahlen lassen, eine Versicherung nur für gefahrene Kilometer bezahlt werden muss und Geschwindigkeitsdaten von anderen Fahrzeugen in Echtzeit erhoben werden, dank derer Autofahrer Staus ausweichen können.","In New York City, transportation officials are seeking to develop a taxing device that would also be equipped to pay parking meter fees, provide ""pay-as-you-drive"" insurance, and create a pool of real-time speed data from other drivers that motorists could use to avoid traffic.","In New York City, traffic officials want to develop a tax device that can pay for parking fees, insurance only for miles drive, and speed data from other vehicles in real time to enable drivers to avoid traffic congestion.",0.8287049260000003,53.09489375474037,44,0.0
OPUS autoregressive_encoder_decoder,97,"In New York City wollen Verkehrsbeamte ein Gerät zur Besteuerung entwickeln, mit dem sich auch Parkgebühren bezahlen lassen, eine Versicherung nur für gefahrene Kilometer bezahlt werden muss und Geschwindigkeitsdaten von anderen Fahrzeugen in Echtzeit erhoben werden, dank derer Autofahrer Staus ausweichen können.","In New York City, transportation officials are seeking to develop a taxing device that would also be equipped to pay parking meter fees, provide ""pay-as-you-drive"" insurance, and create a pool of real-time speed data from other drivers that motorists could use to avoid traffic.","In New York City, traffic officials want to develop a tax-based device that can also pay parking fees, pay insurance only for miles driven, and collect speed data from other vehicles in real time that will allow drivers to avoid traffic jams.",0.3352508499999658,152.12489394137316,51,0.0
E2D2 official_b4_s4_cache,98,"„Autofahrer würden durch den Mehrwert der Vorteile, die das System bietet, zur Teilnahme motiviert“, heißt es in einem Planungsdokument der Stadt.","""Motorists would be attracted to participate because of the value of the benefits it offers to them,"" says a city planning document.","“Car drivers would be motivated to participate by the added value of the benefits offered by the system,” said in a city planning document.",0.5231603790000463,53.52087261179525,28,0.037037037037037035
OPUS autoregressive_encoder_decoder,98,"„Autofahrer würden durch den Mehrwert der Vorteile, die das System bietet, zur Teilnahme motiviert“, heißt es in einem Planungsdokument der Stadt.","""Motorists would be attracted to participate because of the value of the benefits it offers to them,"" says a city planning document.","""Drivers would be motivated to participate by the added value of the benefits the system offers,"" says a city planning document.",0.16977022800006125,159.0384858291541,27,0.0
E2D2 official_b4_s4_cache,99,"Einige Verkehrsplaner fragen sich allerdings, ob das ganze Gerede über das Bezahlen pro Meile nicht nur ein riesiges Ablenkungsmanöver sei.","Some transportation planners, though, wonder if all the talk about paying by the mile is just a giant distraction.","However, some transport planners wonder whether the whole talk about paying per mile is not just a huge shift manoeuvre.",0.43104469499996867,55.67868083842615,24,0.0
OPUS autoregressive_encoder_decoder,99,"Einige Verkehrsplaner fragen sich allerdings, ob das ganze Gerede über das Bezahlen pro Meile nicht nur ein riesiges Ablenkungsmanöver sei.","Some transportation planners, though, wonder if all the talk about paying by the mile is just a giant distraction.","Some traffic planners wonder, however, whether the whole talk about paying per mile is not just a huge diversion.",0.1904494689999865,136.51915196467073,26,0.0
E2D2 official_b4_s4_cache,100,"Bei der Metropolitan Transportation Commission für das Gebiet der San Francisco Bay erklärten Beamte, der Kongress könne das Problem des bankrotten Highway Trust Fund einfach durch Erhöhung der Kraftstoffsteuer lösen.","At the Metropolitan Transportation Commission in the San Francisco Bay Area, officials say Congress could very simply deal with the bankrupt Highway Trust Fund by raising gas taxes.","At the Metropolitan Transportation Commission for San Francisco Bay, officials said that Congress could solve the problem of the bankrupt Highway Trust Fund simply by raising fuel tax rates.",0.5927598010000565,53.984767431955035,32,0.0
OPUS autoregressive_encoder_decoder,100,"Bei der Metropolitan Transportation Commission für das Gebiet der San Francisco Bay erklärten Beamte, der Kongress könne das Problem des bankrotten Highway Trust Fund einfach durch Erhöhung der Kraftstoffsteuer lösen.","At the Metropolitan Transportation Commission in the San Francisco Bay Area, officials say Congress could very simply deal with the bankrupt Highway Trust Fund by raising gas taxes.","In the Metropolitan Transportation Commission for the San Francisco Bay area, officials said Congress could easily solve the problem of the bankrupt Highway Trust Fund by increasing fuel tax.",0.2180343710000443,151.3522838103048,33,0.0
E2D2 official_b4_s4_cache,101,"Eine zusätzliche einmalige Gebühr oder eine jährliche Abgabe könnte Autofahrern mit Hybridfahrzeugen oder anderen Fahrzeugen, die wenig Benzin verbrauchen, auferlegt werden, sodass auch diese einen fairen Anteil zahlen.","An extra one-time or annual levy could be imposed on drivers of hybrids and others whose vehicles don't use much gas, so they pay their fair share.","An additional one-off fee or an annual levy could be imposed on drivers with hybrid vehicles or other vehicles that consume little fuel, so that they also pay a fair share of it. The price is not too high.",1.0022477110001091,43.9013225144649,44,0.0
OPUS autoregressive_encoder_decoder,101,"Eine zusätzliche einmalige Gebühr oder eine jährliche Abgabe könnte Autofahrern mit Hybridfahrzeugen oder anderen Fahrzeugen, die wenig Benzin verbrauchen, auferlegt werden, sodass auch diese einen fairen Anteil zahlen.","An extra one-time or annual levy could be imposed on drivers of hybrids and others whose vehicles don't use much gas, so they pay their fair share.","An additional one-off fee or annual levy could be imposed on drivers with hybrid vehicles or other vehicles that consume little fuel, so that they pay a fair share.",0.32087828700002774,109.07562592415913,35,0.0
E2D2 official_b4_s4_cache,102,"„Es gibt keinen Grund für eine Operation, wenn ein Aspirin auch ausreicht“, erläutert Randy Rentschler, der Leiter für Gesetzgebung und öffentliche Angelegenheiten der Kommission.","""There is no need for radical surgery when all you need to do is take an aspirin,"" said Randy Rentschler, the commission's director of legislation and public affairs.","There is no reason for an operation if an asylumin is sufficient,” explains biên Rentschler, the Commission’s head of legislation and public affairs.",0.774122719999923,41.337115128210144,32,0.0
OPUS autoregressive_encoder_decoder,102,"„Es gibt keinen Grund für eine Operation, wenn ein Aspirin auch ausreicht“, erläutert Randy Rentschler, der Leiter für Gesetzgebung und öffentliche Angelegenheiten der Kommission.","""There is no need for radical surgery when all you need to do is take an aspirin,"" said Randy Rentschler, the commission's director of legislation and public affairs.","""There is no reason for an operation if an aspirin is sufficient,"" explains Randy Rentschler, Head of Legislation and Public Affairs of the Commission.",0.37282019799999944,93.87903388217194,35,0.0
E2D2 official_b4_s4_cache,103,"Wenn wir das tun, machen sich Hunderte Millionen von Autofahrern sorgen über ihre Privatsphäre und zahlreiche andere Dinge.","If we do this, hundreds of millions of drivers will be concerned about their privacy and a host of other things.","If we do that, hundreds of millions of drivers will worry about their privacy and many other things. The problem is that they are not allowed to do so. If we do so, hundreds of millions of drivers will be worried about their privacy and many other things to do.",1.1177231649999158,50.10185147232251,56,0.2962962962962963
OPUS autoregressive_encoder_decoder,103,"Wenn wir das tun, machen sich Hunderte Millionen von Autofahrern sorgen über ihre Privatsphäre und zahlreiche andere Dinge.","If we do this, hundreds of millions of drivers will be concerned about their privacy and a host of other things.","When we do, hundreds of millions of drivers worry about their privacy and many other things.",0.13099034199990456,152.68301230952258,20,0.0
E2D2 official_b4_s4_cache,104,Königsfeld: Kleine Mannschaft schlägt sich wacker,Königsfeld: Small team gives a spirited performance,Königsfeld: Small Team beats wacker.,0.22276842799999486,53.8675974317163,12,0.0
OPUS autoregressive_encoder_decoder,104,Königsfeld: Kleine Mannschaft schlägt sich wacker,Königsfeld: Small team gives a spirited performance,Königsfeld: Small team is playing well,0.06973551700002645,157.73884633272064,11,0.0
E2D2 official_b4_s4_cache,105,Die Freiwillige Feuerwehr bewältigte ihre Herbsthauptprobe trotz Personalmangels mit Bravour.,The voluntary fire service bravely came through the main autumn test run in spite of a lack of personnel.,The Voluntary Fire Force handled their main autumn test despite lack of personnel.,0.2964254900000469,53.976464709554726,16,0.0
OPUS autoregressive_encoder_decoder,105,Die Freiwillige Feuerwehr bewältigte ihre Herbsthauptprobe trotz Personalmangels mit Bravour.,The voluntary fire service bravely came through the main autumn test run in spite of a lack of personnel.,The volunteer fire brigade mastered its autumn main test despite staff shortages with flying colors.,0.1425269889999754,140.32430026290285,20,0.0
E2D2 official_b4_s4_cache,106,Nur elf Mann nahmen an der Übung teil.,Only eleven men took part in the exercise.,Only eleven men took part in the exercise of training.,0.21823006899990105,54.987839462239464,12,0.0
OPUS autoregressive_encoder_decoder,106,Nur elf Mann nahmen an der Übung teil.,Only eleven men took part in the exercise.,Only eleven men participated in the exercise.,0.06386285899998256,156.58553589031663,10,0.0
E2D2 official_b4_s4_cache,107,Abteilungskommandant Hans Kammerer hatte sich in seiner Übungsannahme das Anwesen Feder in der Burgberger Straße ausgesucht.,"For the training exercise, department commander, Hans Kammerer, chose the Feder premises on Burgberger Strasse.",The department commander Hans Kammerer had chosen the estate Feder in Burgberger Straße in his training take-off.,0.44478720899996915,53.95838619990906,24,0.0
OPUS autoregressive_encoder_decoder,107,Abteilungskommandant Hans Kammerer hatte sich in seiner Übungsannahme das Anwesen Feder in der Burgberger Straße ausgesucht.,"For the training exercise, department commander, Hans Kammerer, chose the Feder premises on Burgberger Strasse.","In his acceptance of the exercise, department commander Hans Kammerer had chosen Feder estate in Burgberger Straße.",0.15060759099992538,159.3545175290128,24,0.0
E2D2 official_b4_s4_cache,108,Dort soll beim Sägen ein Kurzschluss entstanden sein.,A short-circuit was reported to have occurred there during sawing.,A short circuit was created there when sawing it.,0.22655633300007594,52.96695899467961,12,0.0
OPUS autoregressive_encoder_decoder,108,Dort soll beim Sägen ein Kurzschluss entstanden sein.,A short-circuit was reported to have occurred there during sawing.,A short circuit was supposed to have been created there during sawing.,0.10294251400000576,155.42655194916946,16,0.0
E2D2 official_b4_s4_cache,109,"Durch den entstehenden Brand und die Rauchentwicklung wurden zwei Menschen verletzt, einer davon konnte aber noch einen Notruf absenden.","Two people were injured by the resulting fire and the spread of smoke, however, one was able to make an emergency call.","Two people were injured by the resulting fire and smoking development, but one of them was still able to send an emergency call to them.",0.5186808299999939,53.98310170823227,28,0.0
OPUS autoregressive_encoder_decoder,109,"Durch den entstehenden Brand und die Rauchentwicklung wurden zwei Menschen verletzt, einer davon konnte aber noch einen Notruf absenden.","Two people were injured by the resulting fire and the spread of smoke, however, one was able to make an emergency call.","The fire and smoke caused two people to be injured, but one of them could send an emergency call.",0.1440187349999178,159.7014443989744,23,0.0
E2D2 official_b4_s4_cache,110,"Zwei Atemschutzträger der Wehr machten sich nach der ersten Überprüfung der Sachlage durch Hans Kammerer bereit, das Gebäude zu betreten.",Two fire fighters equipped with respiratory gear prepared to enter the building following the initial inspection of the situation by Hans Kammerer.,Two respiratory protecters of the military were prepared to enter the building after the first review of the situation by Hans Kammerer. The first review was made. The task was carried out by Hans Kammerer.,0.8205626909999637,53.62174088902361,44,0.1891891891891892
OPUS autoregressive_encoder_decoder,110,"Zwei Atemschutzträger der Wehr machten sich nach der ersten Überprüfung der Sachlage durch Hans Kammerer bereit, das Gebäude zu betreten.",Two fire fighters equipped with respiratory gear prepared to enter the building following the initial inspection of the situation by Hans Kammerer.,Two Wehr respiratory guards prepared to enter the building after Hans Kammerer first checked the situation.,0.13761285200007478,159.8687889993592,22,0.0
E2D2 official_b4_s4_cache,111,"Nach kurzer Zeit gelang es, die erste Person zu finden und ins Freie zu geleiten.",After a short time they managed to find the first person and direct them out of the building.,"After a short time, the first person was found and led into the open. The result was a good result.",0.46213361200000236,51.93303273513003,24,0.0
OPUS autoregressive_encoder_decoder,111,"Nach kurzer Zeit gelang es, die erste Person zu finden und ins Freie zu geleiten.",After a short time they managed to find the first person and direct them out of the building.,"After a short time, they managed to find the first person and lead him outside.",0.12260682999999517,154.966897031762,19,0.0
E2D2 official_b4_s4_cache,112,Die zweite Person musste getragen werden.,The second person had to be carried.,The second person had to be worn. The second person had to be worn. The second person had to wear.,0.4433212970000113,54.13680813985209,24,0.5454545454545454
OPUS autoregressive_encoder_decoder,112,Die zweite Person musste getragen werden.,The second person had to be carried.,The second person had to be worn.,0.06333877099996243,157.88118149633706,10,0.0
E2D2 official_b4_s4_cache,113,"Dies war nicht so einfach, da auch eine enge Treppe zu überwinden war.",This was not so simple as they also had to negotiate a narrow stairwell.,This was not so easy as there was also a narrow staircase to overcome.,0.3016086480000695,53.0488767682693,16,0.0
OPUS autoregressive_encoder_decoder,113,"Dies war nicht so einfach, da auch eine enge Treppe zu überwinden war.",This was not so simple as they also had to negotiate a narrow stairwell.,"This was not so easy, as a narrow staircase was also to be overcome.",0.1114192009999897,161.55204703004165,18,0.0
E2D2 official_b4_s4_cache,114,"Das Gebäude, eine Werkstatt mit integrierter Stallung für zwei Pferde, war nicht einfach zu sichern.","The building, a workshop with integrated stabling for two horses, was not easy to secure.","The building, a workshop with integrated stables for two horses, was not easy to secure.",0.3733205809999163,53.57325852871874,20,0.0
OPUS autoregressive_encoder_decoder,114,"Das Gebäude, eine Werkstatt mit integrierter Stallung für zwei Pferde, war nicht einfach zu sichern.","The building, a workshop with integrated stabling for two horses, was not easy to secure.","The building, a workshop with integrated stable for two horses, was not easy to secure.",0.12454291799997463,160.5872121930215,20,0.0
E2D2 official_b4_s4_cache,115,Es lagerte viel Holz und auch Strohballen darin.,There were large quantities of wood and bales of straw stored inside.,"There was a lot of wood and also straw balls in it, too.",0.3025201710000829,52.8890352901315,16,0.0
OPUS autoregressive_encoder_decoder,115,Es lagerte viel Holz und auch Strohballen darin.,There were large quantities of wood and bales of straw stored inside.,There was a lot of wood and straw bales in it.,0.10061324600007993,149.0857376770061,15,0.0
E2D2 official_b4_s4_cache,116,Weiter gab es noch elektrische Maschinen zur Holzbearbeitung.,"In addition to this, there were also electrical machines for wood processing.",There were also electric machines for wood processing and processing.,0.2114204660000496,56.75893269479968,12,0.0
OPUS autoregressive_encoder_decoder,116,Weiter gab es noch elektrische Maschinen zur Holzbearbeitung.,"In addition to this, there were also electrical machines for wood processing.",There were also electrical machines for woodworking.,0.07057876199996826,155.8542497529915,11,0.0
E2D2 official_b4_s4_cache,117,Der erste Löschangriff erfolgte über den Tank im Fahrzeug.,The first attempt to extinguish the fire was made using the tank on the fire engine.,The first extinguishing attack was carried out via the tank in the vehicle.,0.29622890799998913,54.01228431089037,16,0.0
OPUS autoregressive_encoder_decoder,117,Der erste Löschangriff erfolgte über den Tank im Fahrzeug.,The first attempt to extinguish the fire was made using the tank on the fire engine.,The first extinguishing attack was carried out via the tank in the vehicle.,0.10722639499999786,158.5430527623384,17,0.0
E2D2 official_b4_s4_cache,118,Eine weitere Leitung erfolgte über einen Überflur- Hydranten in rund 100 Meter Entfernung.,Another line was taken from the surface hydrant around 100 metres away.,Another line was made via an overflane hybrid at about 100 metres distance.,0.3712742249999792,53.86853881386762,20,0.0
OPUS autoregressive_encoder_decoder,118,Eine weitere Leitung erfolgte über einen Überflur- Hydranten in rund 100 Meter Entfernung.,Another line was taken from the surface hydrant around 100 metres away.,Another line was carried out via an overfloor hydrant at a distance of about 100 metres.,0.1326898480000409,158.26380327147203,21,0.0
E2D2 official_b4_s4_cache,119,Nun konnten drei Löschangriffe gestaltet werden.,Only three attempts could be made to extinguish the blaze.,Now three extinguishing attacks have been designed to be launched. The majority of the attacks have been launched by the police. The majority of the attacks have been launched by the police. The police have been able to control the security of the police and the police. The police have been able to control the police and police. The police have been able to control police security and the police and the police have been able to control police security.,1.606803646000003,54.76711496085306,88,0.6
OPUS autoregressive_encoder_decoder,119,Nun konnten drei Löschangriffe gestaltet werden.,Only three attempts could be made to extinguish the blaze.,Three extinguishing attacks could now be designed.,0.06907234200002677,159.2533231317933,11,0.0
E2D2 official_b4_s4_cache,120,Zum Einsatz kam auch im Gebäude ein Hohlstrahlrohr.,A hollow-stream nozzle in the building was also used.,A hollow beam tube was also used in the building.,0.2917795869999509,41.12693462686278,12,0.0
OPUS autoregressive_encoder_decoder,120,Zum Einsatz kam auch im Gebäude ein Hohlstrahlrohr.,A hollow-stream nozzle in the building was also used.,A hollow beam tube was also used in the building.,0.11689889399997355,111.20721125045837,13,0.0
E2D2 official_b4_s4_cache,121,"Hans Kammerer ging es bei der Übung auch darum aufzuzeigen, was mit wenig zur Verfügung stehendem Personal zu bewerkstelligen ist.","For Hans Kammerer, the exercise was also a chance to show what can be achieved with just a few available staff.",Hans Kammerer also wanted to show what can be done with few staff during the exercise. He was able to achieve the results of his training.,0.7757698519999394,41.24934723552843,32,0.0
OPUS autoregressive_encoder_decoder,121,"Hans Kammerer ging es bei der Übung auch darum aufzuzeigen, was mit wenig zur Verfügung stehendem Personal zu bewerkstelligen ist.","For Hans Kammerer, the exercise was also a chance to show what can be achieved with just a few available staff.",Hans Kammerer was also interested in showing what to do with little staff available.,0.15367827000000034,123.63491598389257,19,0.0
E2D2 official_b4_s4_cache,122,Im Ernstfall erfolgt eine Unterstützung über die Tageseinsatzgruppe Königsfeld.,"In case of emergency, support is provided by the Königsfeld daytime task force.","In case of serious circumstances, support is provided by the day intervention group Königsfeld GmbH.",0.4843997959999342,41.288208965312435,20,0.0
OPUS autoregressive_encoder_decoder,122,Im Ernstfall erfolgt eine Unterstützung über die Tageseinsatzgruppe Königsfeld.,"In case of emergency, support is provided by the Königsfeld daytime task force.","In case of emergency, support is provided via the day-to-day Königsfeld Operations Group.",0.22100075699995614,104.07204170800449,23,0.0
E2D2 official_b4_s4_cache,123,Der Kommandant zeigte sich mit dem Ablauf der Übung zufrieden.,The Commander expressed his satisfaction following the exercise.,The commander was satisfied with the course of the exercise.,0.3526830150000251,34.024887759335805,12,0.0
OPUS autoregressive_encoder_decoder,123,Der Kommandant zeigte sich mit dem Ablauf der Übung zufrieden.,The Commander expressed his satisfaction following the exercise.,The commander was satisfied with the course of the exercise.,0.0866409239999939,150.04456785341895,13,0.0
E2D2 official_b4_s4_cache,124,Vernetzung von Hochschulen und Firmen wichtig,Networking between universities and companies is important,The networking of universities and companies important,0.15162407100001474,52.76207100387921,8,0.0
OPUS autoregressive_encoder_decoder,124,Vernetzung von Hochschulen und Firmen wichtig,Networking between universities and companies is important,Networking of universities and companies important,0.05012345800003004,159.6059074773972,8,0.0
E2D2 official_b4_s4_cache,125,"Auf seinem Besuch im Landkreis Breisgau-Hochschwarzwald ließ sich Landtagspräsident Guido Wolf auch in Titisee-Neustadt darüber aufklären, woher die Arbeitskräfte von morgen kommen.","On a visit to the district of Breisgau-Hochschwarzwald, it was explained to Parliamentary President Guido Wolf in Titisee-Neustadt where the workforce of tomorrow will come from.","On his visit to the Breisgau-Hochschwarzwald district, President Guido Wolf also asked him in Titisee-Neustadt where the workers of tomorrow come from. The President of the German Parliament, Guido Wolf, was also asked to know where the workers of tomorrow are coming from, and he was asked to take the floor of the new town of Titisee-Neustadt to see. The people of the German Parliament, who",1.8338296860000582,52.34946338413509,96,0.19230769230769232
OPUS autoregressive_encoder_decoder,125,"Auf seinem Besuch im Landkreis Breisgau-Hochschwarzwald ließ sich Landtagspräsident Guido Wolf auch in Titisee-Neustadt darüber aufklären, woher die Arbeitskräfte von morgen kommen.","On a visit to the district of Breisgau-Hochschwarzwald, it was explained to Parliamentary President Guido Wolf in Titisee-Neustadt where the workforce of tomorrow will come from.","During his visit to the Breisgau-Hochschwarzwald district, the President of the Landtag Guido Wolf was also informed in Titisee-Neustadt about where the workers of tomorrow came from.",0.2897706610000341,158.74623000564776,46,0.0
E2D2 official_b4_s4_cache,126,Im Förderzentrum Hochschwarzwald ging er zusammen mit den Geschäftsführenden Schulleitern der Beruflichen Schulen sowie des Kreisgymnasiums und den Elternbeiratsvorsitzenden dieser wichtigen Frage nach.,"In the Hochschwarzwald Support Centre, he addressed this important question alongside the executive principals of the vocational colleges and the district grammar school and the chairs of the parents' council.","In the Support Center Hochschwarzwald he addressed this important issue together with the managing directors of vocational schools, the district school and the chairs of the parent advisory board.",0.6914893890000258,52.061536406307255,36,0.0
OPUS autoregressive_encoder_decoder,126,Im Förderzentrum Hochschwarzwald ging er zusammen mit den Geschäftsführenden Schulleitern der Beruflichen Schulen sowie des Kreisgymnasiums und den Elternbeiratsvorsitzenden dieser wichtigen Frage nach.,"In the Hochschwarzwald Support Centre, he addressed this important question alongside the executive principals of the vocational colleges and the district grammar school and the chairs of the parents' council.","In the Hochschwarzwald funding centre, he worked together with the executive school leaders of the vocational schools as well as the district gymnasium and the parent council chairmen to address this important question.",0.2921833359999937,154.0128900438079,45,0.0
E2D2 official_b4_s4_cache,127,"""Bildung ist ein wichtiger Standortfaktor"", unterstrich Claudia Stehle, Direktorin der Hans-Thoma-Schule, die das vernetzte Schulprojekt Bildungszentrum Hochschwarzwald vorstellte.","""Education is an important factor for the location,"" highlighted Claudia Stehle, Director of the Hans Thoma School, which introduced the networked Hochschwarzwald Education Centre Schools Project.","""Education is an important location factor,"" stressed Claudia Stehle, director of the Hans-Thoma School, who presented the networked school project Bildungszentrum Hochschwarzwald. ""The University of Education is a very important factor in the development of the city and the development of the city.",1.3536934859999974,47.27805863136149,64,0.11538461538461539
OPUS autoregressive_encoder_decoder,127,"""Bildung ist ein wichtiger Standortfaktor"", unterstrich Claudia Stehle, Direktorin der Hans-Thoma-Schule, die das vernetzte Schulprojekt Bildungszentrum Hochschwarzwald vorstellte.","""Education is an important factor for the location,"" highlighted Claudia Stehle, Director of the Hans Thoma School, which introduced the networked Hochschwarzwald Education Centre Schools Project.","""Education is an important location factor,"" said Claudia Stehle, director of the Hans-Thoma-Schule, who presented the networked school project Bildungszentrum Hochschwarzwald.",0.29123801499997626,147.64556062505613,43,0.0
E2D2 official_b4_s4_cache,128,Dabei zeigte sich Wolf beeindruckt über die Modellprojekte zur Ausbildung.,"During the presentation, Wolf seemed impressed by the educational pilot project.",Wolf was also impressed by the model projects for training.,0.22612396299996362,53.068236735272194,12,0.0
OPUS autoregressive_encoder_decoder,128,Dabei zeigte sich Wolf beeindruckt über die Modellprojekte zur Ausbildung.,"During the presentation, Wolf seemed impressed by the educational pilot project.",Wolf was impressed by the model projects for training.,0.07542528600004061,159.09783888646493,12,0.0
E2D2 official_b4_s4_cache,129,"Seit 2011 existiert in der Wälderstadt eine erfolgreiche Zusammenarbeit zwischen Förderzentrum, Kreisgymnasium und Berufsschulzentrum.","Since 2011, there has been successful collaboration in Wälderstadt between the Support Centre, the District Grammar School and the Vocational School Complex.","Since 2011 there has been a successful cooperation between the funding centre, the vocational school and the vocational school centre in the forest town of Vienna. The project is now being completed by the end of the project and the end of the project.",1.0604303310000205,49.03669621649006,52,0.17391304347826086
OPUS autoregressive_encoder_decoder,129,"Seit 2011 existiert in der Wälderstadt eine erfolgreiche Zusammenarbeit zwischen Förderzentrum, Kreisgymnasium und Berufsschulzentrum.","Since 2011, there has been successful collaboration in Wälderstadt between the Support Centre, the District Grammar School and the Vocational School Complex.","Since 2011, the Waldestadt has been a successful cooperation between the funding centre, the district gymnasium and the vocational school centre.",0.24185103500008154,124.04329797468051,30,0.043478260869565216
E2D2 official_b4_s4_cache,130,Außerdem lobte er die Familienfreundlichkeit im Landkreis.,He also praised the family-friendly approach within the district.,He also praised family hospitality in the county of Hamburg.,0.22247844499997882,53.93780957072557,12,0.0
OPUS autoregressive_encoder_decoder,130,Außerdem lobte er die Familienfreundlichkeit im Landkreis.,He also praised the family-friendly approach within the district.,He also praised family friendliness in the county.,0.07028869099997337,156.4974371197803,11,0.0
E2D2 official_b4_s4_cache,131,"""Es ist wichtig, nicht nur die Familienphase im Blick zu haben, sondern aufgrund des demografischen Wandels auch die Phase um die Pflege der Betreuung von Angehörigen"", erklärte Wolf.","""It is important, not only to keep the family life stage in mind, but, on account of demographic change, the period spent providing long-term care and support for relatives as well,"" explained Wolf.","It is important not only to look at the family phase, but also to look at the care of family members due to demographic changes,"" said Wolf, President. ""It is important to look at the family phase.",0.8106960110000045,54.2743511784712,44,0.23255813953488372
OPUS autoregressive_encoder_decoder,131,"""Es ist wichtig, nicht nur die Familienphase im Blick zu haben, sondern aufgrund des demografischen Wandels auch die Phase um die Pflege der Betreuung von Angehörigen"", erklärte Wolf.","""It is important, not only to keep the family life stage in mind, but, on account of demographic change, the period spent providing long-term care and support for relatives as well,"" explained Wolf.","""It is important not only to have a look at the family phase, but also the phase of caring for relatives due to demographic change,"" Wolf explained.",0.2144142180000017,158.57157383098414,34,0.0
E2D2 official_b4_s4_cache,132,"Außerdem führte er an, dass sich immer mehr Beschäftigte um die Pflege und Betreuung ihrer Angehörigen kümmerten.",He also stated that an increasing number of employed persons are looking after the long-term care and support of relatives.,He also indicated that more and more employees were taking care of their relatives and their family care.,0.37792185599994355,52.9209932754008,20,0.0
OPUS autoregressive_encoder_decoder,132,"Außerdem führte er an, dass sich immer mehr Beschäftigte um die Pflege und Betreuung ihrer Angehörigen kümmerten.",He also stated that an increasing number of employed persons are looking after the long-term care and support of relatives.,He also said that more and more employees were caring for their families.,0.10689633300000878,159.03258346568916,17,0.0
E2D2 official_b4_s4_cache,133,"""Ohne die Unterstützung der Arbeitgeber kann die daraus resultierende Belastung der Beschäftigten zu einer Beendigung des Arbeitsverhältnisses führen"", sagte Wolf.","""Without support from their employer, the resulting burden placed on employees could result in the termination of the employment contract,"" said Wolf.","'Without employer support, the resulting burden on employees can lead to an end to the labour relationship', said Wolf.",0.43842061499992724,54.74195140208903,24,0.0
OPUS autoregressive_encoder_decoder,133,"""Ohne die Unterstützung der Arbeitgeber kann die daraus resultierende Belastung der Beschäftigten zu einer Beendigung des Arbeitsverhältnisses führen"", sagte Wolf.","""Without support from their employer, the resulting burden placed on employees could result in the termination of the employment contract,"" said Wolf.","""Without the support of employers, the resulting burden on employees can lead to an end to the employment relationship,"" said Wolf.",0.1742897520000497,154.91444385090583,27,0.0
E2D2 official_b4_s4_cache,134,"Aber niemand könne es sich leisten, qualifizierte Arbeitskräfte zu verlieren, sagte er weiter.","However, nobody can afford to lose qualified workers,"" he added.","But no one could afford to lose qualified labor, he continued to say.",0.302082763000044,52.96561724045694,16,0.0
OPUS autoregressive_encoder_decoder,134,"Aber niemand könne es sich leisten, qualifizierte Arbeitskräfte zu verlieren, sagte er weiter.","However, nobody can afford to lose qualified workers,"" he added.","But no one could afford to lose qualified workers, he continued.",0.0935381790000065,160.36232648915433,15,0.0
E2D2 official_b4_s4_cache,135,"Ein weiterer, besonders wichtiger Faktor sei die Vernetzung von Hochschulen und Unternehmen.","Another, particularly important factor is that of networking between universities and companies.",Another particularly important factor is the networking of universities and companies. The importance of the project is important. The importance of the project is important. The importance of the project is important. The importance of the project is important. The importance of the project is important. The importance of the project is important. The importance of the project is important. The importance of the project is important. The importance of the project is important. The importance of the project is important. The importance of the,2.226848827000026,43.11024566913669,96,0.8
OPUS autoregressive_encoder_decoder,135,"Ein weiterer, besonders wichtiger Faktor sei die Vernetzung von Hochschulen und Unternehmen.","Another, particularly important factor is that of networking between universities and companies.","Another, particularly important factor is the networking of universities and companies.",0.14052653900000678,106.7414034867768,15,0.0
E2D2 official_b4_s4_cache,136,"""Denn wer schon während seines Studiums die Vorzüge der Region kennengelernt hat, bleibt mit seinem erworbenen Wissen und seinen Fähigkeiten oft der regionalen Wirtschaft erhalten, was zur Stärkung der Region beiträgt"", zeigte sich der Landtagspräsident überzeugt.","""After all, people who have learned of the merits of the region during their studies often remain within the region, along with their acquired knowledge and skills, which contributes to the strengthening of the region,"" said the State Parliamentary President, expressing his thorough conviction.","""If anyone who has already met the benefits of the region during his studies, with his acquired knowledge and skills, often maintains the regional economy, which contributes to the strengthening of the region,"" the President of the Parliament of the European Parliament was quite convinced.",1.1593899060000012,44.85117537326562,52,0.0784313725490196
OPUS autoregressive_encoder_decoder,136,"""Denn wer schon während seines Studiums die Vorzüge der Region kennengelernt hat, bleibt mit seinem erworbenen Wissen und seinen Fähigkeiten oft der regionalen Wirtschaft erhalten, was zur Stärkung der Region beiträgt"", zeigte sich der Landtagspräsident überzeugt.","""After all, people who have learned of the merits of the region during their studies often remain within the region, along with their acquired knowledge and skills, which contributes to the strengthening of the region,"" said the State Parliamentary President, expressing his thorough conviction.","""For those who have already learned the benefits of the region during their studies will often retain the regional economy with their acquired knowledge and skills, which will help to strengthen the region,"" the President of the Landtag said.",0.31992743499995413,143.78260495229674,46,0.046511627906976744
E2D2 official_b4_s4_cache,137,"Denn nur wenn ausreichend Ausbildungsplätze angeboten würden, könne auch der Fachkräftebedarf gedeckt werden.",For it is only if a sufficient number of educational places can be provided that the need for skilled workers can be covered.,Because only if sufficient training places were offered could the demand for skilled workers be met as well.,0.36555524199991396,54.71129312927403,20,0.0
OPUS autoregressive_encoder_decoder,137,"Denn nur wenn ausreichend Ausbildungsplätze angeboten würden, könne auch der Fachkräftebedarf gedeckt werden.",For it is only if a sufficient number of educational places can be provided that the need for skilled workers can be covered.,The need for skilled workers could only be met if sufficient training places were offered.,0.1123501510001006,160.2134028283049,18,0.0
E2D2 official_b4_s4_cache,138,"Seiner Meinung nach ist der Standortvorteil des Landkreises seine vorteilhafte Lage im Südwesten Deutschlands, in unmittelbarer Nähe zu Frankreich und zur Schweiz.","In his opinion, the district's advantage as a location is its advantageous location in south-west Germany, in immediate proximity to France and Switzerland.","In his opinion, the location advantage of the county is its favourable location in the south-west of Germany, in direct proximity to France and Switzerland. The district is located in the heart of Germany.",0.7394251130000384,54.09607990957959,40,0.05128205128205128
OPUS autoregressive_encoder_decoder,138,"Seiner Meinung nach ist der Standortvorteil des Landkreises seine vorteilhafte Lage im Südwesten Deutschlands, in unmittelbarer Nähe zu Frankreich und zur Schweiz.","In his opinion, the district's advantage as a location is its advantageous location in south-west Germany, in immediate proximity to France and Switzerland.","In his opinion, the district's advantage is its favourable location in the southwest of Germany, in close proximity to France and Switzerland.",0.1822444590000032,159.12692303034297,29,0.0
E2D2 official_b4_s4_cache,139,Außerdem erlebte er auf seiner Bahnfahrt von Titisee-Neustadt nach Freiburg die bereits unternommenen Anstrengungen für den Ausbau des öffentlichen Personennahverkehrs.,"In addition to this, on his train journey from Titisee-Neustadt to Freiburg, he experienced first-hand the efforts already undertaken to develop public transport.","He also experienced the efforts already made to develop local public transport on his railway journey from Titisee-Neustadt to Freiburg, Germany.",0.5814416599999959,55.035616126990675,32,0.0
OPUS autoregressive_encoder_decoder,139,Außerdem erlebte er auf seiner Bahnfahrt von Titisee-Neustadt nach Freiburg die bereits unternommenen Anstrengungen für den Ausbau des öffentlichen Personennahverkehrs.,"In addition to this, on his train journey from Titisee-Neustadt to Freiburg, he experienced first-hand the efforts already undertaken to develop public transport.",He also experienced the efforts already made to expand public transport on his train journey from Titisee-Neustadt to Freiburg.,0.18465860999992856,146.21576540628377,27,0.0
E2D2 official_b4_s4_cache,140,"""Bleiben Sie weiterhin hartnäckig und sorgen Sie dafür, dass der öffentliche Nahverkehr besser wird"", erklärte er an die Adresse der anwesenden Kommunalpolitiker.","""You must continue to be tenacious and make sure that local public transport becomes even better,"" he explained in the address given to the local politicians in attendance.","'Keep persistent and ensure that public transport becomes better', he said to the local politicians present.",0.3621265529999391,55.229310953078226,20,0.0
OPUS autoregressive_encoder_decoder,140,"""Bleiben Sie weiterhin hartnäckig und sorgen Sie dafür, dass der öffentliche Nahverkehr besser wird"", erklärte er an die Adresse der anwesenden Kommunalpolitiker.","""You must continue to be tenacious and make sure that local public transport becomes even better,"" he explained in the address given to the local politicians in attendance.","""Keep on being persistent and make sure that public transport gets better,"" he explained to the local politicians present.",0.15243180499999198,157.4474565855942,24,0.0
E2D2 official_b4_s4_cache,141,Mit Musik einen unterhaltsamen Nachmittag erlebt,Music makes for an entertaining afternoon,Experience an entertaining afternoon with music!,0.15319637100003547,52.22055814884902,8,0.0
OPUS autoregressive_encoder_decoder,141,Mit Musik einen unterhaltsamen Nachmittag erlebt,Music makes for an entertaining afternoon,Experienced with music an entertaining afternoon,0.055951293000020996,160.85419151969595,9,0.0
E2D2 official_b4_s4_cache,142,"Bereits seit 15 Jahren lädt die Familie Kaul die Dietinger Senioren zu Kaffee, Kuchen und danach zu einem Vesper ein.","It was 15 years ago that the Kaul family first invited the Dietingen senior citizens for coffee and cake, followed by a snack.","The Kaul family has been inviting the Dietinger elderly to coffee, cake and then to a Vesper for 15 years.",0.5218575659999942,53.654487017632526,28,0.0
OPUS autoregressive_encoder_decoder,142,"Bereits seit 15 Jahren lädt die Familie Kaul die Dietinger Senioren zu Kaffee, Kuchen und danach zu einem Vesper ein.","It was 15 years ago that the Kaul family first invited the Dietingen senior citizens for coffee and cake, followed by a snack.","For 15 years, the Kaul family has been inviting the seniors to coffee, cakes and then a Vesper.",0.17396587400003227,155.20285317564634,27,0.0
E2D2 official_b4_s4_cache,143,Früher wurden die älteren Mitbürger in der Raststätte bewirtet.,"Previously, the elderly citizens were hosted in the service station canteen.",The older citizens were served in the restaurant in the past. The restaurant was open to the public. The restaurant was open to the public. The restaurant was open to the public. The restaurant was open to the public. The restaurant was open to the public. The restaurant was open to the public. The restaurant was open to the public. The restaurant was open to the public. The restaurant was open to the public. The restaurant was open to the public. The restaurant was open,1.7875941889999467,53.703463901785405,96,0.8210526315789474
OPUS autoregressive_encoder_decoder,143,Früher wurden die älteren Mitbürger in der Raststätte bewirtet.,"Previously, the elderly citizens were hosted in the service station canteen.","In the past, the elderly people were hosted at the rest area.",0.0981132389999857,163.0768707982654,16,0.0
E2D2 official_b4_s4_cache,144,Mittlerweile findet dieser Nachmittag im Pflegeheim St. Josef statt.,The coffee afternoon is now held in the St. Josef nursing home.,This afternoon is now taking place in the care home of St. Josef.,0.2892837630000713,55.309015044843896,16,0.0
OPUS autoregressive_encoder_decoder,144,Mittlerweile findet dieser Nachmittag im Pflegeheim St. Josef statt.,The coffee afternoon is now held in the St. Josef nursing home.,This afternoon is now held in the St. Joseph nursing home.,0.10269900899993445,146.05788455085846,15,0.0
E2D2 official_b4_s4_cache,145,Die Heimbewohner freuten sich auf die leckeren Kuchen und Torten.,The residents of the home were delighted with the delicious cakes and tarts.,The home residents were looking forward to the delicious cakes and cakes of cakes.,0.2831938589999936,56.49840027075008,16,0.0
OPUS autoregressive_encoder_decoder,145,Die Heimbewohner freuten sich auf die leckeren Kuchen und Torten.,The residents of the home were delighted with the delicious cakes and tarts.,The homeowners were looking forward to the delicious cakes and cakes.,0.11456820599994444,139.6548009140316,16,0.0
E2D2 official_b4_s4_cache,146,Später gab es Wurstsalat.,"Later on, a sausage salad was provided.",Later there was sausage salat.,0.14595353499998964,54.81196464340907,8,0.0
OPUS autoregressive_encoder_decoder,146,Später gab es Wurstsalat.,"Later on, a sausage salad was provided.","Later, there was sausage salad.",0.056478792999996585,159.3518473385319,9,0.0
E2D2 official_b4_s4_cache,147,Mit gängigen Melodien unterhielten Silvia Kimmich-Bantle und ihr Vater Karl Kimmich.,Silvia Kimmich-Bantle and her father Karl Kimmich entertained those in attendance with popular tunes.,Silvia Kimmich-Bantle and her father Karl Kimmich were entertaining with common melodies. The album was performed by the band's solo band. The band was also performed by the band's solo band. Silvia Kimmich-Bantle and her father Karl Kimmich were performed by the band's solo band. The band was also performed by the band's solo band. Silvia Kimmich-Bantle was performed by the band's solo band,1.7999904160000142,53.33361730521528,96,0.6190476190476191
OPUS autoregressive_encoder_decoder,147,Mit gängigen Melodien unterhielten Silvia Kimmich-Bantle und ihr Vater Karl Kimmich.,Silvia Kimmich-Bantle and her father Karl Kimmich entertained those in attendance with popular tunes.,Silvia Kimmich-Bantle and her father Karl Kimmich entertained with common melodies.,0.16629043399996135,144.32580048474452,24,0.0
E2D2 official_b4_s4_cache,148,Die über 100 Jahre alte Natursteinmauer als vordere Abgrenzung des vor der Sanierung stehenden alten Schulhofes zur Kirchstraße soll erneut mit auf den Sanierungskostenplan der Stadt Bräunlingen gesetzt werden.,"The more than 100-year-old natural stone wall, serving as the foremost boundary between the old school yard - which is due to be renovated - and Kirchstrasse, will once again feature on the renovation cost plan for the town of Bräunlingen.","The natural stone wall, which is more than 100 years old, as the front of the old school courtyard on the church road, which is in front of the renovation, is to be placed once again on the renovation plan of the town of Bräunlingen. The aim is to reduce the costs of the restoration.",1.422604797999952,47.79964196353167,68,0.15
OPUS autoregressive_encoder_decoder,148,Die über 100 Jahre alte Natursteinmauer als vordere Abgrenzung des vor der Sanierung stehenden alten Schulhofes zur Kirchstraße soll erneut mit auf den Sanierungskostenplan der Stadt Bräunlingen gesetzt werden.,"The more than 100-year-old natural stone wall, serving as the foremost boundary between the old school yard - which is due to be renovated - and Kirchstrasse, will once again feature on the renovation cost plan for the town of Bräunlingen.","The over 100-year-old natural stone wall as a front delimitation of the old schoolyard to the Kirchstraße, which is standing before the renovation, is to be set again on the renovation cost plan of the city of Bräunlingen.",0.45514613599993936,118.6432130888335,54,0.045454545454545456
E2D2 official_b4_s4_cache,149,"In den Tagen vor der Kilbig wurde bei den ersten Arbeiten der Sanierung des vorderen Schulhofes eine kleine Winkelmauer, zur Stabilisierung und statischen Entlastung der über einhundert Jahre alten Natursteinwand mit Balustrade eingebaut.","In the days before the Kilbig Autumn Folk Festival, when the first renovation work was being carried out at the front of the school yard, a small corner wall with balustrades was installed to stabilise and relieve the static load on the old natural stone wall, which is more than one hundred years old.","In the days before the kilig, a small angle wall was built in the first works of the restoration of the front school courtyard to stabilise and static relief of the more than one hundred years old natural stone wall with balustrade. The wall was built in 1998.",1.407667583000034,42.623699461862614,60,0.12
OPUS autoregressive_encoder_decoder,149,"In den Tagen vor der Kilbig wurde bei den ersten Arbeiten der Sanierung des vorderen Schulhofes eine kleine Winkelmauer, zur Stabilisierung und statischen Entlastung der über einhundert Jahre alten Natursteinwand mit Balustrade eingebaut.","In the days before the Kilbig Autumn Folk Festival, when the first renovation work was being carried out at the front of the school yard, a small corner wall with balustrades was installed to stabilise and relieve the static load on the old natural stone wall, which is more than one hundred years old.","In the days before the Kilbig, a small angle wall was installed during the first works of the renovation of the front schoolyard, to stabilize and statically relieve the over a hundred year old natural stone wall with balustrade.",0.31344996299992545,156.32479114381536,49,0.024390243902439025
